L1475713,IS,IS-3,,64.3178449,-22.0913282,Akranes--Krókalón
L1475718,IS,IS-3,,64.3102317,-22.1051467,Akranes--Vestrasund
L1475729,IS,IS-3,,64.3217368,-22.0728737,Akranes--bærinn (town)
L2243829,IS,IS-1,,64.172557,-21.9645023,Akurey
L1025684,IS,IS-6,,65.6704415,-18.0824661,Akureyri
L1803677,IS,IS-6,,65.6775479,-18.0879638,Akureyri--Drottningarbraut
L1106319,IS,IS-6,,65.6754446,-18.1030655,Akureyri--Goðabyggð-Álfabyggð
L1838237,IS,IS-6,,65.7018183,-18.1131291,Akureyri--Krossanes
L1460886,IS,IS-6,,65.664638,-18.0604037,Akureyri--Leirur
L1607252,IS,IS-6,,65.6752154,-18.0936137,Akureyri--Lystigarðurinn
L1124698,IS,IS-6,,65.6729167,-18.0689049,Akureyri--Pollurinn
L2096436,IS,IS-6,,65.6632976,-18.0780029,Akureyri--leirur vestan flugbrautar
L1321335,IS,IS-6,,65.6670467,-18.0828094,Akureyri--tjarnir (ponds)
L1106320,IS,IS-6,,65.695041,-18.0981302,Akureyri-Glerárós (river mouth)
L1160331,IS,IS-1,,64.1016788,-21.7399178,Almannadalur
L1128991,IS,IS-3,,64.5392172,-21.7999649,Andakill--leirur (mudflats)
L1485380,IS,IS-3,,64.5821558,-21.7119566,Andakíll--Grímarsstaðavatn
L1505800,IS,IS-3,,64.5663501,-21.7272339,Andakíll--Vatnshamravatn
L1550713,IS,IS-8,,64.1715227,-20.6647684,Apavatn
L2062465,IS,IS-8,,64.1844829,-20.6843376,Apavatn--Grafarós
L2062466,IS,IS-8,,64.1971509,-20.6150723,Apavatn--Hagaós
L2062468,IS,IS-8,,64.1561366,-20.6949806,Apavatn--suðvesturbotn
L1280529,IS,IS-2,,63.829039,-22.503788,Arfadalsvík
L2325760,IS,IS-4,,65.7599353,-23.4515834,Arnarfjörður--Hrafnseyri
L1327625,IS,IS-1,,64.0969172,-21.9385931,Arnarnesvogur
L1213231,IS,IS-3,,64.7704213,-23.6215711,Arnarstapi
L1645440,IS,IS-5,,65.7373956,-19.4145585,Austari-Héraðsvötn--við þjóðveg
L1514407,IS,IS-6,,65.9535253,-17.4262907,Aðaldalsflugvöllur (airport)
L1121078,IS,IS-6,,65.9117444,-17.458992,Aðaldalshraun--Rd. 852 to Rd. 845
L1505692,IS,IS-6,,65.8262208,-17.4166234,Aðaldalur--Eyvindarlækur
L1514511,IS,IS-6,,65.8119923,-17.3958853,Aðaldalur--Fagranesvegur
L1135266,IS,IS-6,,65.8551766,-17.3853493,Aðaldalur--Hagi
L1140888,IS,IS-6,,65.8693741,-17.4969292,Aðaldalur--Húsabakki
L1135237,IS,IS-6,,65.961825,-17.4298954,Aðaldalur--Leirtjörn
L1514427,IS,IS-6,,65.8322483,-17.4766754,Aðaldalur--Skriðuhverfi
L2126707,IS,IS-6,,65.8199913,-17.3419833,Aðaldalur--Staðarhóll
L1146107,IS,IS-6,,65.8862114,-17.4387789,Aðaldalur--Tjörn
L2386095,IS,IS-1,,64.1374788,-21.934011,BSÍ Bus Terminal
L2603642,IS,IS-7,,66.0358734,-14.8050642,Bakkafjörður
L1112920,IS,IS-7,,66.1100895,-15.1583862,Bakkaflói--Finnafjörður
L1112932,IS,IS-7,,66.0424265,-15.0862885,Bakkaflói--Miðfjörður
L1121546,IS,IS-6,,66.0723472,-17.3524761,Bakkakrókur
L743344,IS,IS-1,,64.1557624,-22.0162153,Bakkatjörn
L1567593,IS,IS-7,,64.7978759,-14.4860316,Berufjörður--Berufjörður (bærinn)
L1277205,IS,IS-7,,64.6992705,-14.2549539,Berufjörður--Berunes
L1149646,IS,IS-7,,64.7531568,-14.4629002,Berufjörður--Fossárvík
L1567587,IS,IS-7,,64.7945415,-14.458952,Berufjörður--Hvannabrekka
L1346286,IS,IS-7,,64.7892049,-14.4862459,Berufjörður--botn
L1526503,IS,IS-7,,64.6679862,-14.3172136,Berufjörður--Ós Búlandsár
L1321309,IS,IS-8,,64.2689756,-20.3410149,Biskupstungur--Dagmálatjörn
L1321314,IS,IS-8,,64.1984211,-20.4472733,Biskupstungur--Flókatjörn
L1321311,IS,IS-8,,64.2223574,-20.38908,Biskupstungur--Hagatjörn
L2813038,IS,IS-8,,64.2510835,-20.3309727,Biskupstungur--Holtakot
L2812992,IS,IS-8,,64.2195205,-20.4384327,Biskupstungur--Kjaransstaðir
L1487192,IS,IS-8,,64.1163679,-20.5000595,Biskupstungur--Laugarás
L1321312,IS,IS-8,,64.2139578,-20.4894161,Biskupstungur--Tjarnartjörn
L1321322,IS,IS-8,,64.2360154,-20.4422951,Biskupstungur--Úthlíðarvatn
L2492335,IS,IS-8,,63.4484375,-20.1901245,Bjarnarey
L1319447,IS,IS-3,,64.9861637,-22.9792786,Bjarnarhafnarfjall
L1778165,IS,IS-3,,64.3485006,-22.0120954,Blautós
L2186545,IS,IS-5,,65.4625387,-19.2477036,Blönduhlíð--Kúskerpi
L2186552,IS,IS-5,,65.53565,-19.3243504,Blönduhlíð--Miðhús
L2186548,IS,IS-5,,65.4709138,-19.2634964,Blönduhlíð--Úlfsstaðir
L1129162,IS,IS-5,,65.6604678,-20.2951813,Blönduós--river
L1129183,IS,IS-5,,65.6655259,-20.2962971,Blönduós--víkin (bay)
L1108051,IS,IS-4,,66.1507519,-23.2156563,Bolungarvik--Osvor
L1108007,IS,IS-4,,66.1283666,-23.2424355,Bolungarvik--Sydradalsvatn
L1108019,IS,IS-4,,66.1575096,-23.2441521,Bolungarvik--hafnarsvaedi (harbour area)
L2773829,IS,IS-3,,64.5332391,-21.8918896,Borgarfjarðarbrú
L1129008,IS,IS-3,,64.6604889,-21.7083836,Borgarfjordur--Danielslundur forest
L1129002,IS,IS-3,,64.6069262,-21.7141718,Borgarfjordur--Ferjukotssiki
L1025855,IS,IS-3,,64.5698254,-21.7553329,Borgarfjordur--Hvanneyri area
L1184201,IS,IS-3,,64.547968,-21.8441162,Borgarfjörður
L1310021,IS,IS-7,,65.541272,-13.7544751,Borgarfjörður eystri--Hafnarhólmi
L1310027,IS,IS-7,,65.5276577,-13.8139129,Borgarfjörður eystri--höfnin (harbour)
L1319463,IS,IS-3,,64.5661198,-21.6461563,Borgarfjörður--Hestfjall
L1251380,IS,IS-3,,64.754335,-21.5977693,Borgarfjörður--Jafnaskarðsskógur
L1322663,IS,IS-7,,65.5222817,-13.7985706,Borgarfjörður--Ós
L1025692,IS,IS-3,,64.5482926,-21.9175529,Borgarnes
L1201700,IS,IS-3,,64.5538249,-21.9156647,Borgarnes--Borgarvogur
L2884547,IS,IS-4,,65.2087214,-21.0951447,Borðeyri
L1343062,IS,IS-8,,63.6510073,-18.2500616,Botnar
L1179821,IS,IS-6,,66.0333633,-17.285614,Botnsvatn
L2942256,IS,IS-4,,65.5570037,-24.3535566,Breiðavík--Vaðall
L1177493,IS,IS-7,,64.7920436,-14.007225,Breiðdalsvík
L2398454,IS,IS-7,,64.8226733,-14.2113215,Breiðdalur--Kleifarvatn
L1277211,IS,IS-7,,64.7624904,-14.0579939,Breiðdalur--Ós
L1112519,IS,IS-6,,66.193376,-16.4903069,Brunná river (between fish farm and river mouth)
L1025853,IS,IS-1,,64.3596738,-21.4061737,Brynjudalsá
L2062482,IS,IS-8,,64.1177968,-20.5718994,Brúará--neðan vegar
L1429507,IS,IS-3,,64.8906872,-23.6238668,Bugsvötn (lakes)
L1112521,IS,IS-6,,66.2157472,-16.4673042,Buðlungahöfn
L1527909,IS,IS-4,,65.6769375,-23.6101562,Bíldudalur--Bíldudalsvogur
L1669450,IS,IS-3,,64.9496425,-23.4833498,Búlandshöfði
L2746543,IS,IS-8,,64.1136002,-19.8313951,Búrfellsstöð
L1791360,IS,IS-6,,65.7649878,-18.178485,Dagverðareyri
L1121087,IS,IS-6,,65.8554224,-17.3608875,Daufhylur
L1149636,IS,IS-7,,64.6575133,-14.3298626,Djúpivogur--Askur
L1193227,IS,IS-7,,64.648511,-14.2759609,Djúpivogur--Breiðivogur
L1193225,IS,IS-7,,64.6587256,-14.2681503,Djúpivogur--Bóndavörðuvatn
L1149640,IS,IS-7,,64.6494297,-14.2833424,Djúpivogur--Fýluvogur
L1149638,IS,IS-7,,64.6431449,-14.2782784,Djúpivogur--flugbraut (airfield)
L1177502,IS,IS-7,,64.6565213,-14.288063,Djúpivogur--garðar (gardens)
L1149642,IS,IS-7,,64.6587623,-14.2805099,Djúpivogur--höfnin (harbour)
L1177505,IS,IS-7,,64.6590562,-14.3165588,Djúpivogur--kirkjugarður (cemetery)
L1118130,IS,IS-4,,65.7375049,-23.212781,Dynjandi
L1108300,IS,IS-4,,65.8573182,-23.312645,Dyrafjordur--Lambadalseyri
L1133020,IS,IS-4,,65.8713917,-23.5455894,Dyrafjordur--Sandaa river
L1141572,IS,IS-4,,65.8805476,-23.6236954,Dyrafjordur--Seftjorn i Haukadal
L1785155,IS,IS-8,,63.4022613,-19.1306329,Dyrhólaey
L1516539,IS,IS-4,,65.889921,-23.657341,Dýrafjörður--Sveinseyrarvatn
L1104111,IS,IS-1,,64.0871319,-21.7817688,Elliðavatn
L1591556,IS,IS-1,,64.1289264,-21.8354571,Elliðaárvogur--tjarnir (ponds)
L1319486,IS,IS-1,,64.2781309,-21.6107941,Esja--Skálatindur
L1177085,IS,IS-7,,65.0747708,-14.0393257,Eskifjörður
L1182148,IS,IS-6,,65.5936655,-18.078475,Eyjafjarðarsveit--Kristnes
L1182147,IS,IS-6,,65.5930449,-18.0792475,Eyjafjarðarsveit--Kristnestjörn
L1317288,IS,IS-8,,63.5256546,-19.5536928,Eyjafjöll--Drangshlíð
L1317177,IS,IS-8,,63.5924321,-19.9470549,Eyjafjöll--Fit
L1785150,IS,IS-8,,63.6000869,-19.9805581,Eyjafjöll--Heimaland
L1345412,IS,IS-8,,63.5440581,-19.7383996,Eyjafjöll--Holtsós
L1785151,IS,IS-8,,63.577088,-19.8797207,Eyjafjöll--Hvammur
L1180556,IS,IS-8,,63.610574,-19.9949455,Eyjafjöll--Kverkin
L1319522,IS,IS-8,,63.5684427,-19.7978783,Eyjafjöll--Moldnúpur
L1317178,IS,IS-8,,63.5785234,-19.8534136,Eyjafjöll--Núpur
L1317308,IS,IS-8,,63.5296847,-19.6181717,Eyjafjöll--Rd. 1
L1317173,IS,IS-8,,63.6081832,-19.9916868,Eyjafjöll--Seljaland
L1799825,IS,IS-8,,63.5848875,-19.9939613,Eyjafjöll--Seljalandssel
L1785158,IS,IS-8,,63.5591075,-19.6260023,Eyjafjöll--Seljavellir
L1317185,IS,IS-8,,63.5256674,-19.5645061,Eyjafjöll--Skarðshlíð
L1785154,IS,IS-8,,63.5496017,-19.7425189,Eyjafjöll--Varmahlíð
L1317180,IS,IS-8,,63.5747039,-19.8196821,Eyjafjöll--Ysti-Skáli
L1317182,IS,IS-8,,63.5739387,-19.8000684,Eyjafjöll--Ásólfsskáli
L1787238,IS,IS-8,,63.5462372,-19.6596923,Eyjafjöll--Þorvaldseyri
L1182150,IS,IS-6,,65.7481365,-18.1698418,Eyjafjörður--Glæsibæjartjarnir
L1182151,IS,IS-6,,65.7837017,-18.1589413,Eyjafjörður--Gáseyri
L1140133,IS,IS-6,,65.6363666,-18.0273199,Eyjafjörður--Þórustaðir
L1180553,IS,IS-8,,63.8663312,-21.1681223,Eyrarbakkafjara
L1477564,IS,IS-8,,63.8537419,-21.1234471,Eyrarbakki--fjara austan þorps
L2810873,IS,IS-8,,63.8601304,-21.1190915,Eyrarbakki--tjarnir við Litlahraun
L1180551,IS,IS-8,,63.8715668,-21.1649036,Eyrarbakki--tjarnir við veg
L2521079,IS,IS-8,,63.8653672,-21.154604,Eyrarbakki--þorpið
L2211821,IS,IS-8,,63.7752048,-20.251236,Eystri-Rangá--veiðihús
L1145258,IS,IS-6,,66.0836584,-17.3407173,Eyvík
L1263070,IS,IS-4,,65.4273874,-22.6790428,Fagurey
L1363318,IS,IS-7,,65.2835013,-14.428406,Fellabær
L2216064,IS,IS-6,,66.164436,-17.8573993,Flatey
L1215159,IS,IS-4,,65.3744916,-22.9161072,Flatey
L1321961,IS,IS-5,,66.0698754,-19.1685677,Fljót--Haganesvík
L1321972,IS,IS-5,,66.0670901,-19.1313171,Fljót--Hópsvatn
L1345424,IS,IS-8,,63.6652979,-18.2643089,Fljótsbotn
L1514472,IS,IS-6,,65.7202098,-17.4705374,Fljótsheiði
L1487190,IS,IS-8,,63.7187542,-19.8799329,Fljótshlíð--Múlakot
L1783179,IS,IS-8,,63.825466,-20.9509918,Flói--Baugsstaðir
L1783183,IS,IS-8,,63.8251318,-20.7307717,Flói--Efri/Syðri-Sýrlækur
L1501554,IS,IS-8,,63.8357725,-20.8910719,Flói--Gaulverjabær
L1501547,IS,IS-8,,63.8446273,-21.0441938,Flói--Kakkarvatn
L2737748,IS,IS-8,,63.7992763,-20.7754898,Flói--Krákuvatn
L1501558,IS,IS-8,,63.8054615,-20.7712938,Flói--Krókur
L1501557,IS,IS-8,,63.8153022,-20.7433132,Flói--Selpartur/Hólmasel
L1783184,IS,IS-8,,63.8808523,-20.7690522,Flói--Villingavatn
L2238062,IS,IS-6,,66.3784303,-14.5327234,Fontur
L1807683,IS,IS-4,,65.609571,-23.5616403,Fossfjörður
L1142524,IS,IS-1,,64.1183214,-21.9059229,Fossvogur bay
L1334895,IS,IS-1,,64.1187727,-21.8933486,Fossvogur--Skógræktin
L1319429,IS,IS-8,,63.9005219,-21.1914682,Friðlandið í Flóa (Flói Bird Reserve)
L2152984,IS,IS-7,,64.9313981,-14.0419006,Fáskrúðsfjarðarbotn
L1361858,IS,IS-7,,64.9308075,-14.0174732,Fáskrúðsfjörður
L1177151,IS,IS-7,,64.9035267,-13.9240551,Fáskrúðsfjörður--Eyri
L1800490,IS,IS-1,,64.102621,-21.9285837,Garðabær--Arnarnes
L1347242,IS,IS-1,,64.0673632,-21.9133888,Garðabær--Urriðavatn
L1502296,IS,IS-1,,64.079451,-21.8866108,Garðabær--Vatnsmýri
L1318823,IS,IS-1,,64.0789439,-21.8727493,Garðabær--Vífilsstaðavatn
L2107803,IS,IS-6,,65.7917274,-18.0616951,Garðsá
L1284830,IS,IS-2,,64.0724247,-22.6600742,Garður
L1111253,IS,IS-2,,64.0800982,-22.6709318,Garður--Garðsjór (seawatch)
L1010991,IS,IS-2,,64.0819553,-22.6919174,Garður--Garðskagi lighthouse
L2818933,IS,IS-2,,64.0792165,-22.6655245,Garður--Garðskagi-Gerðar
L1128952,IS,IS-2,,64.077378,-22.6538944,Garður--Gerðafjara
L1176841,IS,IS-2,,64.074525,-22.6425819,Garður--harbour
L1128948,IS,IS-2,,64.075652,-22.6553535,Garður--ponds
L1128956,IS,IS-2,,64.0722559,-22.6851797,Garður--Ásgarðsvegur (rd.)
L1798280,IS,IS-5,,65.3417812,-20.8049726,Gauksmýrartjörn
L2113635,IS,IS-2,,63.863817,-22.0001221,Geitahlíð
L1520392,IS,IS-7,,65.4346907,-15.4838341,Gestreiðarstaðakvísl
L2289411,IS,IS-8,,64.3126096,-20.3012167,Geysir
L1025846,IS,IS-4,,65.4365766,-21.8916321,Gilsfjörður
L1204524,IS,IS-8,,64.0557385,-20.2688742,Gnúpverjahreppur--Vestra-Geldingaholtsvatn
L1026042,IS,IS-6,,65.6838752,-17.5517406,Goðafoss
L1460875,IS,IS-1,,64.1299284,-21.8010393,Grafarvogur
L1485516,IS,IS-2,,63.8218979,-22.5135612,Grindavík--Staður
L1245961,IS,IS-2,,63.8171221,-22.5229168,Grindavík--Staður (fiskeldi)
L1128981,IS,IS-2,,63.8357488,-22.4509048,Grindavík--Vatnsstæði (Járngerðarstaðatjörn) (ponds)
L1328066,IS,IS-2,,63.8437777,-22.4394898,Grindavík--garðar
L1128983,IS,IS-2,,63.839344,-22.4231815,Grindavík--hafnarsvæði (harbour area)
L1312736,IS,IS-2,,63.8383979,-22.3928833,Grindavík--Þórkötlustaðir
L1311340,IS,IS-3,,64.924667,-23.2614899,Grundarfjörður
L1128986,IS,IS-3,,64.3871442,-21.9269943,Grunnafjordur
L1106280,IS,IS-6,,65.5431844,-17.0015144,Grænavatn
L1210760,IS,IS-6,,66.5437541,-18.001442,Grímsey
L1427923,IS,IS-6,,66.3018432,-18.2767868,Grímsey ferry (Dalvík-Grímsey)
L1180548,IS,IS-8,,64.0270726,-20.9209299,Grímsnes--Kolgrafarhóll
L1154853,IS,IS-8,,64.025881,-20.9479666,Grímsnes--Kóngsvegur
L1180550,IS,IS-8,,64.0114687,-20.8887434,Grímsnes--Snæfoksstaðir (Nautavakir)
L2289420,IS,IS-8,,64.32645,-20.1253223,Gullfoss
L1204522,IS,IS-8,,63.9446873,-20.5047798,Gíslholtsvötn
L1481416,IS,IS-2,,63.8818698,-22.7400151,Hafnaberg cliff
L1310785,IS,IS-1,,64.0621727,-21.9812393,Hafnarfjörður--Hvaleyrarlón
L1319562,IS,IS-1,,64.0368905,-21.9239044,Hafnarfjörður--Hvaleyrarvatn
L1084349,IS,IS-1,,64.040113,-21.9120169,Hafnarfjörður--Höfðaskógur forest
L1128925,IS,IS-1,,64.0675644,-21.9472718,Hafnarfjörður--Lækur
L1802652,IS,IS-1,,64.070046,-21.948559,Hafnarfjörður--Miðbær (city centre)
L1321090,IS,IS-1,,64.0430573,-22.0429516,Hafnarfjörður--Straumsvík
L1320282,IS,IS-1,,64.0658741,-21.9616699,Hafnarfjörður--höfnin (main harbour)
L1319563,IS,IS-1,,64.0603168,-21.94489,Hafnarfjörður--kirkjugarður (cemetery)
L1787224,IS,IS-1,,64.0707595,-21.966649,Hafnarfjörður--ræsi (gamalt)
L1327627,IS,IS-1,,64.0760121,-21.9746317,Hafnarfjörður--við Brúsastaði
L1347244,IS,IS-1,,64.0520864,-21.9599102,Hafnarfjörður--Ástjörn
L925998,IS,IS-2,,63.9360903,-22.6849651,Hafnir
L1339194,IS,IS-2,,63.9014184,-22.7114009,Hafnir--Kalmanstjörn
L1336223,IS,IS-2,,63.9421702,-22.6557827,Hafnir--Ósar
L2357470,IS,IS-7,,65.1034579,-14.7286642,Hallormsstaðarskógur--Kliftjörn
L2357467,IS,IS-7,,65.0926157,-14.7583079,Hallormsstaðarskógur--Trjásafnið (arboretum)
L1346278,IS,IS-7,,64.6474675,-14.4526004,Hamarsfjörður
L2398450,IS,IS-7,,64.6438023,-14.5160592,Hamarsfjörður--Bragðavellir
L1149634,IS,IS-7,,64.6565213,-14.4823837,Hamarsfjörður--Henglavíkur
L1321839,IS,IS-5,,65.7232875,-19.4554138,Hegranes--Garðsvatn
L1207889,IS,IS-5,,65.6614229,-19.4652843,Hegranes--Hendilkotsvatn
L1321833,IS,IS-5,,65.7011166,-19.4773865,Hegranes--Svanavatn
L1321832,IS,IS-5,,65.6896707,-19.4382477,Hegranes--Ásvatn
L1488670,IS,IS-8,,63.4315944,-20.2718349,Heimaey
L1165624,IS,IS-8,,63.4063376,-20.2734232,Heimaey--Brimurð
L1154585,IS,IS-8,,63.4493,-20.2784,Heimaey--Eiðið
L1245389,IS,IS-8,,63.4220099,-20.2940226,Heimaey--Hamarsvegur/Höfðavegur
L2158299,IS,IS-8,,63.448949,-20.2643251,Heimaey--Heimaklettur
L1165609,IS,IS-8,,63.4395351,-20.2968121,Heimaey--Herjólfsdalur
L1165622,IS,IS-8,,63.4135987,-20.2803755,Heimaey--Kinn
L2635008,IS,IS-8,,63.4449222,-20.2528082,Heimaey--Klettsvík frá Nýjahrauni
L1268945,IS,IS-8,,63.4384605,-20.2414513,Heimaey--Nýjahraun
L1417586,IS,IS-8,,63.4197874,-20.2985826,Heimaey--Ofanleitishamar
L1165620,IS,IS-8,,63.4212323,-20.2851176,Heimaey--Ofanleitisland
L2460065,IS,IS-8,,63.4445862,-20.2626461,Heimaey--Skansinn
L1527750,IS,IS-8,,63.4437421,-20.3150407,Heimaey--Stafnsnes
L1287984,IS,IS-8,,63.4297853,-20.2787876,Heimaey--Stapatún
L1287987,IS,IS-8,,63.3999779,-20.2858257,Heimaey--Stórhöfði
L1401338,IS,IS-8,,63.4406319,-20.2752757,Heimaey--Vestmannabraut 74
L1287981,IS,IS-8,,63.4405137,-20.2322245,Heimaey--Viðlagafjara
L1137274,IS,IS-8,,63.4083548,-20.2805042,Heimaey--Víkin
L1165476,IS,IS-8,,63.4506819,-20.2470732,Heimaey--Ystiklettur
L2348465,IS,IS-8,,63.4258787,-20.2690458,Heimaey--flugstöðvarlundur
L1165612,IS,IS-8,,63.4452817,-20.2734017,Heimaey--höfnin (harbour)
L2158297,IS,IS-8,,63.4239332,-20.2917695,Heimaey--tjörn við Höfðaból
L1165635,IS,IS-8,,63.4441017,-20.2389836,Heimaey--útsýnisstaður (viewing point)
L1160327,IS,IS-1,,64.0716942,-21.7558136,Heiðmörk
L1318718,IS,IS-1,,64.0336262,-21.843996,Heiðmörk--Búrfellsgjá
L1156969,IS,IS-1,,64.0943851,-21.7513311,Heiðmörk--Rauðhólar
L1319499,IS,IS-1,,64.0606922,-21.8746805,Heiðmörk--Vífilsstaðahlíð
L1465179,IS,IS-2,,64.0225673,-22.5557148,Helguvík
L1608511,IS,IS-3,,64.7499832,-23.6557521,Hellnar
L1137126,IS,IS-1,,64.0895698,-21.7566633,Helluvatn
L2400838,IS,IS-6,,65.1915846,-16.2236738,Herðubreiðarlindir
L1168114,IS,IS-4,,65.9798245,-22.8615189,Hestfjörður--Hesteyri
L1321318,IS,IS-8,,64.0346458,-20.6728363,Hestvatn
L2884601,IS,IS-5,,65.7330631,-19.1147508,Hjaltadalur--Hólar
L1182153,IS,IS-6,,65.8514549,-18.1954193,Hjalteyri
L1663489,IS,IS-8,,63.4177446,-18.7649488,Hjörleifshöfði
L1328068,IS,IS-8,,63.8735389,-21.7103574,Hlíðarvatn
L1026057,IS,IS-3,,64.8140959,-23.1326709,Hofgardar--ponds
L1213221,IS,IS-3,,64.8360572,-22.8310919,Hofsstaðaskógur
L1237046,IS,IS-5,,65.8968167,-19.4149017,Hofsós
L1204520,IS,IS-8,,63.981722,-20.3747463,Holta- og Landsveit--Stúfholtstjörn
L1135250,IS,IS-6,,65.6997038,-17.5872231,Holtakot
L1319461,IS,IS-3,,65.0043037,-21.1871338,Holtavörðuheiði--Tröllakirkja
L1149376,IS,IS-7,,64.3653929,-15.3286743,Hornafjarðarfljót--tjarnir við veg (ponds by Rd. 1)
L1121081,IS,IS-6,,65.8415158,-17.3620462,Hraun
L1639574,IS,IS-3,,64.7022117,-20.9792515,Hraunfossar
L1319452,IS,IS-3,,64.9407694,-23.0139542,Hraunsfjörður
L1435938,IS,IS-3,,64.9601959,-23.0287172,Hraunsfjörður--frá þjóðvegi 54
L1435907,IS,IS-2,,63.8518409,-22.3511957,Hraunsvík
L1137120,IS,IS-1,,64.0881634,-21.7440248,Hrauntúnstjörn
L1486344,IS,IS-3,,64.7573162,-21.5876737,Hreðavatn
L1321303,IS,IS-8,,64.1706499,-20.3126907,Hrunamannahreppur--Kópsvatn
L1180539,IS,IS-6,,65.9556359,-18.5247517,Hrísatjörn
L1233094,IS,IS-6,,65.9923293,-18.378067,Hrísey
L1156975,IS,IS-3,,64.3946158,-21.5113807,Hvalfjörður--Bjarteyjarsandur
L2246044,IS,IS-3,,64.3816523,-21.2966537,Hvalfjörður--Botnsdalur
L1149615,IS,IS-7,,64.4510733,-14.5075321,Hvalnesskriður
L1798927,IS,IS-8,,63.9997973,-21.1878097,Hveragerði
L1787212,IS,IS-2,,63.9588162,-22.4005952,Hái-Bjalli
L1318819,IS,IS-8,,64.2087574,-19.686985,Háifoss
L1168765,IS,IS-6,,66.1060223,-18.8188934,Héðinsfjörður
L1145260,IS,IS-6,,66.0946167,-17.3529911,Héðinshöfði
L1604921,IS,IS-6,,66.0781737,-17.3472944,Héðinsvík
L1790622,IS,IS-6,,65.7261232,-17.078805,Hólasandur
L1479329,IS,IS-4,,65.705548,-21.6746527,Hólmavík
L1112518,IS,IS-6,,66.0515911,-16.6183662,Hólskrókur
L2895209,IS,IS-8,,63.7805575,-20.3013652,Hótel Rangá
L1277454,IS,IS-7,,64.2551196,-15.2088761,Höfn
L1177613,IS,IS-7,,64.2672615,-15.1968384,Höfn--Einarslundur
L1571024,IS,IS-7,,64.275708,-15.193233,Höfn--Flóinn
L1177619,IS,IS-7,,64.2567506,-15.204134,Höfn--Hrossabithagi
L1177618,IS,IS-7,,64.2576453,-15.1961517,Höfn--Sílavík
L1343140,IS,IS-7,,64.2483312,-15.1934579,Höfn--hafnarsvæði (harbour area)
L1177620,IS,IS-7,,64.2446507,-15.2054214,Höfn--Ósland
L1193216,IS,IS-7,,64.2428231,-15.2087259,Höfn--Óslandstjörn
L1136932,IS,IS-6,,66.0931907,-17.3317051,Höfðagerðissandur
L1321956,IS,IS-5,,65.9702496,-19.4106531,Höfðaströnd--Lómatjörn
L1168785,IS,IS-5,,65.9592027,-19.4159317,Höfðavatn
L1303129,IS,IS-6,,66.0401523,-17.3396122,Húsavík--Hjartarlundur og nágr.
L1185966,IS,IS-6,,66.0384728,-17.3311947,Húsavík--Háagerði 7
L2326091,IS,IS-6,,66.0022449,-17.3685479,Húsavík--Saltvík við þjóðveg
L1135146,IS,IS-6,,66.0482462,-17.3351383,Húsavík--Skálamelur
L1106087,IS,IS-6,,66.0447964,-17.349987,Húsavík--harbour area
L1113903,IS,IS-6,,66.0434634,-17.337606,Húsavík--skrúðgarður (park)
L2248981,IS,IS-6,,66.059603,-17.3323488,Húsavíkurfjallsafleggjari
L1192877,IS,IS-6,,66.0524969,-17.3605442,Húsavíkurhöfði
L1429510,IS,IS-7,,63.7997424,-16.641283,Ingólfshöfði
L1586998,IS,IS-7,,65.2939302,-15.4846931,Jökuldalsheiði--Bjallkolludalur
L2286200,IS,IS-4,,66.2796025,-22.7563934,Jökulfirðir--at sea
L1141010,IS,IS-7,,64.0450909,-16.1804581,Jökulsárlón
L1177903,IS,IS-7,,64.0397561,-16.1648369,Jökulsárlón--seawatch
L1243181,IS,IS-6,,65.963678,-17.6037025,Kaldakinn--Bjargavatn
L1135247,IS,IS-6,,65.7140049,-17.6037025,Kaldakinn--Lækjamót
L1135241,IS,IS-6,,65.8284451,-17.5471401,Kaldakinn--Rangá-Hnjúkur
L2082239,IS,IS-6,,65.8356137,-17.5439215,Kaldakinn--Torfunes
L2714319,IS,IS-6,,65.9525232,-17.5945616,Kaldakinn-Björg
L1109209,IS,IS-6,,66.0215414,-17.3677969,Kaldbakstjarnir
L2079851,IS,IS-2,,64.0247232,-22.5919247,Keflavík--hesthúsasvæði (equestrian area)
L1336212,IS,IS-2,,63.9978085,-22.545188,Keflavík--höfnin (harbour)
L1232491,IS,IS-2,,63.9789734,-22.5897789,Keflavíkurflugvöllur
L1255355,IS,IS-6,,66.0771159,-16.6799927,Kelduhverfi--Seyrur og Brunnar
L1479099,IS,IS-1,,64.130693,-21.7789367,Keldur
L1611039,IS,IS-4,,65.6306572,-22.849657,Kerlingarfjörður
L1670395,IS,IS-8,,63.7935371,-18.0443265,Kirkjubæjarklaustur
L1377212,IS,IS-1,,64.2265563,-21.8152011,Kjalarnes--Hofsvík
L1106317,IS,IS-6,,65.6462257,-18.0823803,Kjarnaskógur--Toyota plantation
L2311113,IS,IS-4,,65.5899769,-22.9392815,Kjálkafjörður
L1318812,IS,IS-1,,64.3171322,-21.6125107,Kjós--Bugða (river)
L1487144,IS,IS-1,,64.3371939,-21.7258604,Kjós--Hvalfjarðareyri
L1319540,IS,IS-1,,64.3047573,-21.7755032,Kjós--Kiðafell
L1487139,IS,IS-1,,64.3119376,-21.5967717,Kjós--Meðalfellsvatn
L1112522,IS,IS-6,,66.2773212,-16.4060211,Klapparós
L1328071,IS,IS-2,,63.9264488,-21.981583,Kleifarvatn
L2311044,IS,IS-3,,64.9657608,-23.1218219,Kolgrafafjarðarbrú (bridge)
L1435924,IS,IS-3,,64.9415223,-23.1170726,Kolgrafarfjörður
L1606061,IS,IS-1,,64.2038521,-21.7090383,Kollafjörður
L1319557,IS,IS-6,,65.6628708,-16.8092108,Krafla-Dalfjall
L1232514,IS,IS-4,,65.4839166,-21.9699097,Króksfjarðarnes
L1281936,IS,IS-6,,66.3021365,-16.447649,Kópasker
L1321586,IS,IS-6,,66.3014465,-16.4376068,Kópasker--Kotatjörn
L1158407,IS,IS-1,,64.1045991,-21.9022923,Kópavogslækur
L1141964,IS,IS-1,,64.104193,-21.9112873,Kópavogur (bay)
L1154619,IS,IS-1,,64.110962,-21.917789,Kópavogur--Kársnes
L1328072,IS,IS-1,,64.1166134,-21.8962506,Kópavogur--Lundur
L1191702,IS,IS-8,,63.6217876,-18.4469032,Kúðafljót v/ þjóðveg 1 (river and ponds)
L1553640,IS,IS-6,,65.7960045,-17.4194339,Lake Vestmannsvatn
L2062459,IS,IS-8,,64.1094779,-21.0388184,Lake Úlfljótsvatn
L2064642,IS,IS-8,,63.7081443,-17.8982735,Landbrot--Grenlækur
L1201709,IS,IS-8,,63.7855193,-18.0282211,Landbrot--Hæðargarðsvatn
L1345428,IS,IS-8,,63.7865708,-18.0092201,Landbrot--Höfðalækur
L1345425,IS,IS-8,,63.7803651,-18.0609761,Landbrot--Nýibær
L1345430,IS,IS-8,,63.7851167,-17.9976329,Landbrot--Tungulækur
L1345431,IS,IS-8,,63.7817897,-18.0146275,Landbrot--Tunguvötn
L1176029,IS,IS-8,,63.5472141,-20.0952387,Landeyjahafnarvegur/Bakkavegur
L1783186,IS,IS-8,,63.5302567,-20.0975547,Landeyjahöfn
L1669497,IS,IS-8,,63.991545,-19.0610218,Landmannalaugar
L1112913,IS,IS-6,,66.2860905,-15.0991201,Langanes--Heiðarhöfn
L1112908,IS,IS-6,,66.2646626,-15.1722908,Langanes--Lambanes
L1281494,IS,IS-6,,66.2474346,-15.261898,Langanes--Sauðanes
L1220774,IS,IS-6,,66.2491631,-15.199585,Langanes--Sauðaneslón
L1232454,IS,IS-6,,66.2897837,-15.0880051,Langanes--Stólpavík
L1112906,IS,IS-6,,66.2128393,-15.3432655,Langanes--Syðralón
L1281933,IS,IS-6,,66.2466049,-15.1506615,Langanes--Ytra-Lón
L1242877,IS,IS-3,,64.7859259,-21.7780495,Langavatn
L1130118,IS,IS-6,,65.8259848,-17.2735977,Langavatn
L1321793,IS,IS-5,,65.5926016,-19.4844246,Langholt--Holtstjörn
L1321802,IS,IS-5,,65.6412169,-19.5067406,Langholt--votlendi neðan Kjartansstaða
L1520389,IS,IS-7,,65.4641056,-15.7039045,Langidalur
L1189541,IS,IS-5,,65.5795819,-20.0387192,Langidalur--tjarnir við Móberg (ponds)
L952041,IS,IS-4,,65.5000098,-24.5269775,Latrabjarg
L1673608,IS,IS-6,,65.7215675,-17.3614994,Laugar
L1536661,IS,IS-6,,65.7204113,-17.3530122,Laugar--Litlulaugar
L1123849,IS,IS-6,,65.7243285,-17.3686123,Laugar--Torfdalur
L1791336,IS,IS-6,,65.7225199,-17.3623252,Laugar--skógur við íþróttavöll
L2884558,IS,IS-5,,65.3281717,-20.8953953,Laugarbakki
L1145231,IS,IS-6,,66.0604389,-17.3566818,Laugardalur
L1321326,IS,IS-8,,64.1842213,-20.7394409,Laugardalur--Lækjarhvammur
L1207900,IS,IS-8,,64.2151152,-20.7313728,Laugarvatn
L1484378,IS,IS-6,,65.7222316,-17.3598365,Laugatjörn
L1138047,IS,IS-6,,65.9726262,-17.3884392,Laxamýri
L2085828,IS,IS-6,,65.5860748,-17.134552,Laxá í Mývatnssveit (Laxá river--general)
L2062422,IS,IS-6,,65.5991267,-17.0856285,Laxá í Mývatnssveit--Breiða
L2062419,IS,IS-6,,65.5853653,-17.0759296,Laxá í Mývatnssveit--Syðstakvísl
L1184082,IS,IS-6,,65.5873164,-17.1431351,Laxá í Mývatnssveit--neðan brúar (below bridge)
L1523454,IS,IS-6,,65.5870067,-17.125711,Laxá í Mývatnssveit--ofan brúar (above bridge)
L1121092,IS,IS-6,,65.8160711,-17.3106766,Laxárgljúfur (restricted access)
L1122846,IS,IS-6,,65.9864619,-17.4277496,Laxárós (river mouth)
L1787218,IS,IS-2,,64.0452109,-22.5936842,Leira
L1157921,IS,IS-1,,64.1996514,-21.4601097,Leirvogsvatn
L1184070,IS,IS-6,,65.7056088,-17.6726074,Ljósavatn
L1243178,IS,IS-6,,65.7089916,-17.6986313,Ljósavatnsskarð--Kerlingartjörn
L1145261,IS,IS-6,,66.1048577,-17.2934461,Lynghöfði
L1213252,IS,IS-3,,64.9468132,-23.3892059,Lárvaðall
L1599460,IS,IS-4,,65.5025463,-24.5095544,Látrabjarg--Seljadalur
L1599467,IS,IS-4,,65.525957,-24.4363408,Látravatn
L1807681,IS,IS-4,,65.5251659,-24.4779363,Látravík
L1107136,IS,IS-6,,66.1107847,-16.9368839,Lón
L1773398,IS,IS-7,,64.4151887,-14.6031046,Lón
L1229546,IS,IS-6,,66.0979207,-16.9244385,Lón (Pollurinn)
L1832971,IS,IS-7,,64.4202655,-14.8736,Lón--Brekka
L1832973,IS,IS-7,,64.4318339,-14.8857021,Lón--Grænahlíð
L2407425,IS,IS-7,,64.4255046,-14.8093487,Lón--Hlíð
L2407421,IS,IS-7,,64.3860064,-14.8044432,Lón--Hraunkot
L1149614,IS,IS-7,,64.4095641,-14.5550823,Lón--Hvalnes
L1177509,IS,IS-7,,64.4023524,-14.5412636,Lón--Hvalnesviti (lighthouse)
L1149599,IS,IS-7,,64.4196648,-14.8603392,Lón--Stafafell
L1149611,IS,IS-7,,64.4274647,-14.6239614,Lón--Vík
L1536722,IS,IS-6,,66.102003,-16.9093318,Lón--austurbotn (east end)
L1162593,IS,IS-6,,66.1194035,-16.9313049,Lón--north end
L1266776,IS,IS-6,,66.1050775,-16.9289872,Lón--suðurhluti (south part)
L1185470,IS,IS-6,,66.1271335,-16.9526768,Lónin--Fjallahöfn
L1319438,IS,IS-3,,64.3909928,-21.8497467,Melasveit--Rd. 1
L1356384,IS,IS-6,,66.4943027,-16.2412249,Melrakkaslétta--Blikalón
L2397776,IS,IS-6,,66.4229468,-16.493291,Melrakkaslétta--Brunavatn
L1231754,IS,IS-6,,66.4875237,-15.9411621,Melrakkaslétta--Eggversvatn
L1186127,IS,IS-6,,66.4736861,-15.9308624,Melrakkaslétta--Gegnisvík
L1229576,IS,IS-6,,66.4766666,-16.5600872,Melrakkaslétta--Grjótnes
L1187017,IS,IS-6,,66.4428321,-16.5244675,Melrakkaslétta--Grjótnesvegur
L1186997,IS,IS-6,,66.5164757,-16.000042,Melrakkaslétta--Harðbaksvík
L2361185,IS,IS-6,,66.5238623,-16.0506821,Melrakkaslétta--Hestamöl
L1187006,IS,IS-6,,66.5233836,-16.0372925,Melrakkaslétta--Hestvík
L1186995,IS,IS-6,,66.5081289,-15.9698296,Melrakkaslétta--Hringlón (restricted access)
L2394722,IS,IS-6,,66.4164368,-15.9358255,Melrakkaslétta--Hóll
L2361464,IS,IS-6,,66.4723413,-16.48476,Melrakkaslétta--Kötluvegur
L1187027,IS,IS-6,,66.4050011,-16.4964867,Melrakkaslétta--Leirhöfn
L2426225,IS,IS-6,,66.4062894,-16.4933538,Melrakkaslétta--Leirhöfn (garðar)
L1281493,IS,IS-6,,66.4125066,-15.9344244,Melrakkaslétta--Myllan
L1186982,IS,IS-6,,66.4837226,-15.9291458,Melrakkaslétta--Neslón
L1229581,IS,IS-6,,66.5076499,-16.4997482,Melrakkaslétta--Núpskatla
L1279923,IS,IS-6,,66.4152712,-16.5196609,Melrakkaslétta--Nýhöfn
L1231759,IS,IS-6,,66.5047073,-16.4190674,Melrakkaslétta--Oddsstaðalón
L2361463,IS,IS-6,,66.5088132,-16.5403461,Melrakkaslétta--Rauðinúpur
L1321591,IS,IS-6,,66.3920114,-16.4941692,Melrakkaslétta--Seltjörn
L2388351,IS,IS-6,,66.4829993,-16.2815653,Melrakkaslétta--Sigurðarstaðavatn
L1356376,IS,IS-6,,66.4921261,-16.2934103,Melrakkaslétta--Sigurðarstaðavík
L1224937,IS,IS-6,,66.4893727,-16.3023376,Melrakkaslétta--Sigurðarstaðir
L1639385,IS,IS-6,,66.5142646,-16.4458468,Melrakkaslétta--Skeljalón
L1187011,IS,IS-6,,66.5143208,-16.0669041,Melrakkaslétta--Skinnalón
L1231766,IS,IS-6,,66.5086763,-16.4806938,Melrakkaslétta--Skálaneslón
L2400903,IS,IS-6,,66.4384237,-15.9474492,Melrakkaslétta--Vogur
L1224940,IS,IS-6,,66.4922487,-16.263628,Melrakkaslétta--bay 0.2km west of Blikalón
L2365152,IS,IS-6,,66.5164415,-16.4376497,Melrakkaslétta--fjara austan Skeljalóns
L2397662,IS,IS-6,,66.4951358,-15.9646962,Melrakkaslétta--Ásmundarstaðavatn
L1186987,IS,IS-6,,66.4985472,-15.9633064,Melrakkaslétta--Ásmundarstaðir
L1272132,IS,IS-6,,66.487421,-15.9276867,Melrakkaslétta--Þaraósvík
L1345433,IS,IS-8,,63.6569164,-18.0208068,Meðalland--Fljótakrókur
L1204471,IS,IS-8,,63.6394382,-17.9823446,Meðalland--Syðri-Steinsmýrarvötn
L1143828,IS,IS-6,,66.1060223,-16.8392086,Miðbolur
L1645254,IS,IS-5,,65.3425207,-20.7680869,Miðfjarðarvatn
L1121085,IS,IS-6,,65.8482593,-17.3600292,Miðhvammur
L2189595,IS,IS-2,,64.0287265,-22.7070773,Miðnes--Býjasker
L1245950,IS,IS-2,,64.0584232,-22.7063799,Miðnes--Fitjatjörn
L1670407,IS,IS-2,,64.0500751,-22.7104783,Miðnes--Flankastaðir
L1481404,IS,IS-2,,64.0054928,-22.71094,Miðnes--Fuglavík
L1435916,IS,IS-2,,64.0115106,-22.7071099,Miðnes--Fuglavíkurtjörn
L1651168,IS,IS-2,,63.9862135,-22.7428143,Miðnes--Gerðakotstjörn
L1284833,IS,IS-2,,64.0740759,-22.6982689,Miðnes--Hafurbjarnarstaðir-Garðskagi
L1320662,IS,IS-2,,63.9917728,-22.7349186,Miðnes--Hvalsnes
L1176840,IS,IS-2,,64.012839,-22.7061996,Miðnes--Norðurkot
L2082850,IS,IS-2,,64.0626469,-22.7066159,Miðnes--Þóroddsstaðir
L1309353,IS,IS-1,,64.1782726,-21.6277885,Mosfellsbær--Laugaból
L1157688,IS,IS-1,,64.1800671,-21.3928528,Mosfellsheiði
L1162716,IS,IS-1,,64.0801539,-21.7691603,Myllulækjartjörn
L1139186,IS,IS-6,,65.6230854,-17.2372055,Másvatn
L2274929,IS,IS-3,,64.9215045,-23.5160208,Mávahlíðarrif
L1488633,IS,IS-1,,64.2092358,-21.7070462,Mógilsá
L1321305,IS,IS-8,,64.2638328,-20.3751755,Múlatjarnir
L1242882,IS,IS-3,,64.6428018,-22.3722124,Mýrar--Akrar
L1149370,IS,IS-7,,64.3045855,-15.4136682,Mýrar--Baulutjörn
L2398439,IS,IS-7,,64.2566388,-15.4513264,Mýrar--Borg
L1800456,IS,IS-7,,64.293436,-15.437293,Mýrar--Brunnhóll
L1242884,IS,IS-3,,64.6311716,-22.3735356,Mýrar--Nýlenda
L1191848,IS,IS-7,,64.3265987,-15.4138613,Mýrar--Viðborðssel (marsh)
L1792388,IS,IS-3,,64.5302586,-22.2058582,Mýrar--Vogalækur
L1135235,IS,IS-6,,65.9719272,-17.4097252,Mýrarvatn
L1122852,IS,IS-6,,65.9796847,-17.4093819,Mýrarvatn--north end
L1318714,IS,IS-8,,63.4257718,-19.0932083,Mýrdalur
L1319531,IS,IS-8,,63.4216016,-18.9433479,Mýrdalur--Fagridalur (sumarbústaður)
L1670473,IS,IS-8,,63.426193,-18.9039946,Mýrdalur--Höfðabrekka
L1318711,IS,IS-8,,63.4676808,-19.2698479,Mýrdalur--Pétursey
L1345416,IS,IS-8,,63.4539724,-19.0922666,Mýrdalur--Skammadalshóll
L1317292,IS,IS-8,,63.4899999,-19.3202741,Mýrdalur--Sólheimahjáleiga
L1189655,IS,IS-8,,63.4363111,-19.1948748,Mýrdalur--tjarnir við Hryggi (ponds)
L1485552,IS,IS-6,,65.5971645,-17.0015999,Mývatn
L1224947,IS,IS-6,,65.6172041,-17.0423698,Mývatn--Belgjarbára
L1123970,IS,IS-6,,65.5721645,-16.9472694,Mývatn--Birtingatjörn
L1156309,IS,IS-6,,65.5679757,-17.0051193,Mývatn--Fellshóll
L2317027,IS,IS-6,,65.6413054,-16.9779325,Mývatn--Fretvogur
L1106281,IS,IS-6,,65.5584953,-16.9700146,Mývatn--Garðsvogur
L1106288,IS,IS-6,,65.6339588,-16.9244385,Mývatn--Helgavogur
L1026058,IS,IS-6,,65.5790265,-16.9550006,Mývatn--Höfði forest
L1156301,IS,IS-6,,65.5737972,-17.0523262,Mývatn--Kritartjörn
L1106287,IS,IS-6,,65.6279028,-16.9266701,Mývatn--Kálfstjörn
L1496976,IS,IS-6,,65.6149094,-17.057047,Mývatn--Langavík
L1180565,IS,IS-6,,65.6317986,-16.9893265,Mývatn--Neslandatangi (from road)
L1184096,IS,IS-6,,65.6223037,-17.0108185,Mývatn--Neslandavík
L1180562,IS,IS-6,,65.6224832,-17.0161915,Mývatn--Neslandavík (south part)
L1554364,IS,IS-6,,65.631133,-16.9926726,Mývatn--Neslandavík frá fuglasafni
L1123981,IS,IS-6,,65.6415356,-16.9164133,Mývatn--Reykjahlíð (bay)
L1139191,IS,IS-6,,65.5680467,-17.0294523,Mývatn--Stakhólstjörn
L1484893,IS,IS-6,,65.5643666,-16.9513039,Mývatn--Syðrivogar
L1106285,IS,IS-6,,65.6166726,-16.9263268,Mývatn--Vogaflói
L1485542,IS,IS-6,,65.6230347,-16.9220784,Mývatn--Vogar
L1123949,IS,IS-6,,65.606501,-17.0811653,Mývatn--Álar
L1156304,IS,IS-6,,65.5730163,-17.0433998,Mývatn--Álftavogur
L2076587,IS,IS-6,,65.6358355,-17.0339584,Mývatnssveit--Belgjarskógur
L2103382,IS,IS-6,,65.59097,-16.912508,Mývatnssveit--Dimmuborgir
L2076626,IS,IS-6,,65.6173104,-17.0724106,Mývatnssveit--tjarnir sunnan Belgjarfjalls
L1177622,IS,IS-7,,64.2977836,-15.1957655,Nes--Bergá
L1149406,IS,IS-7,,64.3127065,-15.2489805,Nes--Bjarnanesrot
L2079902,IS,IS-7,,64.2916968,-15.1111794,Nes--Dynjandi
L1149593,IS,IS-7,,64.2653795,-15.0192118,Nes--Dæluhús
L1277193,IS,IS-7,,64.2543646,-14.9971104,Nes--Horn
L1310776,IS,IS-7,,64.3133576,-15.2172661,Nes--Hæðagarður
L1149395,IS,IS-7,,64.3701084,-15.2743006,Nes--Krossbær
L1149590,IS,IS-7,,64.3276771,-15.2668333,Nes--Kríutjörn
L1463649,IS,IS-7,,64.2427749,-14.9631217,Nes--Stokksnes
L1277183,IS,IS-7,,64.309916,-15.2259564,Nes--kirkjugarður
L1149400,IS,IS-7,,64.3384583,-15.2549028,Nes--Þveit
L1011773,IS,IS-2,,63.9775613,-22.5370789,Njarðvík--bay
L1327662,IS,IS-2,,63.9857197,-22.5350609,Njarðvík--höfnin (harbour area)
L743287,IS,IS-2,,63.975735,-22.5436449,Njarðvík--ponds
L1507425,IS,IS-2,,63.9753463,-22.5407782,Njarðvíkurfitjar
L1520384,IS,IS-7,,65.5694468,-13.8380531,Njarðvíkurskriður
L1177090,IS,IS-7,,65.1327637,-13.7404633,Norðfjörður--flugvallarsvæði (airport area)
L1129010,IS,IS-3,,64.8326629,-21.3676786,Norðurárdalur--Hvammsskógur forest
L1321582,IS,IS-6,,66.2876438,-16.420784,Núpasveit--Brekkutjörn
L2357460,IS,IS-6,,66.2025208,-16.4853716,Núpasveit--Brunnárós
L1207932,IS,IS-6,,66.2687217,-16.4123726,Núpasveit--Presthólalón
L1244507,IS,IS-6,,66.1892875,-16.4918518,Núpasveit--Silfurstjarnan
L1484322,IS,IS-6,,66.2965588,-16.4283371,Núpasveit--Snartarstaðatjarnir
L1112979,IS,IS-7,,65.77848,-14.81936,Nýpslón
L1462304,IS,IS-7,,64.5914083,-14.1679536,Papey
L1321317,IS,IS-8,,64.1745388,-20.3974915,Pollengi
L1204515,IS,IS-8,,63.7809124,-20.3352213,Rangárvellir--Lambhagavatn
L1185925,IS,IS-6,,66.4562754,-15.9469986,Raufarhöfn
L1186123,IS,IS-6,,66.4490745,-15.945797,Raufarhöfn--tjarnir (ponds)
L1174871,IS,IS-4,,65.4874067,-24.0737915,Rauðasandur--Stakkarvatn
L1245391,IS,IS-1,,64.1077164,-21.7706108,Rauðavatn
L1629729,IS,IS-3,,64.4533751,-21.9601251,Rd. 1--Melasveit
L1317255,IS,IS-3,,64.6656988,-21.2917614,Reykholt
L1260770,IS,IS-4,,65.5312065,-22.0804596,Reykhólahreppur--Hríshólsvatn
L1232519,IS,IS-4,,65.4424275,-22.2026825,Reykhólar
L1259123,IS,IS-4,,65.4418567,-22.2022533,Reykhólar--Langavatn
L1260771,IS,IS-4,,65.4271376,-22.2110939,Reykhólar--harbour
L1146160,IS,IS-6,,65.744311,-17.4122572,Reykjadalur--Einarsstaðir
L1146153,IS,IS-6,,65.7569839,-17.4056053,Reykjadalur--Hamratjörn
L1140901,IS,IS-6,,65.7703198,-17.4153042,Reykjadalur--Helgastaðir
L1492115,IS,IS-6,,65.7952653,-17.4387363,Reykjadalur--Hólkotstjörn
L1146149,IS,IS-6,,65.7917978,-17.436161,Reykjadalur--Hólmatjörn
L1146167,IS,IS-6,,65.7859548,-17.4267197,Reykjadalur--Höskuldsstaðir
L1536663,IS,IS-6,,65.7119867,-17.3491496,Reykjadalur--Laugaból
L1191562,IS,IS-6,,65.6781491,-17.3402023,Reykjadalur--Narfastaðir
L2201301,IS,IS-6,,65.7573892,-17.4135447,Reykjadalur--tún norðan Hamra
L1825240,IS,IS-6,,65.8857693,-17.3128763,Reykjahverfi--Hveravellir
L1111254,IS,IS-2,,63.8121226,-22.7186966,Reykjanes lighthouse (seawatch)
L1131038,IS,IS-2,,63.9108121,-22.5357056,Reykjanes peninsula
L2668575,IS,IS-4,,65.9288817,-22.4274302,Reykjanes--Hveravík
L2079842,IS,IS-2,,63.8181825,-22.7020454,Reykjanes--tjörn við vitann (pond by lighthouse)
L2884553,IS,IS-5,,65.2547306,-21.1081696,Reykjaskóli
L1319475,IS,IS-1,,64.1443058,-21.9316292,Reykjavík--101 (city centre)
L1889044,IS,IS-1,,64.1405821,-21.9114271,Reykjavík--Austurbær
L1320202,IS,IS-1,,64.107369,-21.8324089,Reykjavík--Breiðholt
L1157619,IS,IS-1,,64.1574785,-21.7893906,Reykjavík--Eiðsgrandi
L1318806,IS,IS-1,,64.0946276,-21.7915535,Reykjavík--Elliðaár
L1318715,IS,IS-1,,64.117637,-21.8375587,Reykjavík--Elliðaárdalur
L1519772,IS,IS-1,,64.1322039,-21.8353811,Reykjavík--Elliðaárós (river mouth) 
L1787749,IS,IS-1,,64.1180768,-21.8775568,Reykjavík--Fossvogsdalur
L1025709,IS,IS-1,,64.1236036,-21.9095492,Reykjavík--Fossvogur cemetery
L2034974,IS,IS-1,,64.1461449,-21.9736433,Reykjavík--Granaskjól
L2035000,IS,IS-1,,64.147773,-21.9737291,Reykjavík--Grandaskóli
L1320199,IS,IS-1,,64.125429,-21.8993568,Reykjavík--Kringlumýrarbraut
L1009984,IS,IS-1,,64.1403147,-21.871376,Reykjavík--Laugardalur
L1488647,IS,IS-1,,64.151589,-21.8897402,Reykjavík--Laugarnes
L1342066,IS,IS-1,,64.1439958,-21.866356,Reykjavík--Laugarás
L1792830,IS,IS-1,,64.1092682,-21.7900251,Reykjavík--Selás
L2034883,IS,IS-1,,64.1489332,-21.9801021,Reykjavík--Skeljagrandi
L1342070,IS,IS-1,,64.1420611,-21.8563996,Reykjavík--Sund
L2035013,IS,IS-1,,64.14199,-21.9491816,Reykjavík--Suðurgata
L1025687,IS,IS-1,,64.1445728,-21.9481945,Reykjavík--Suðurgötukirkjugarður (cemetery)
L1342064,IS,IS-1,,64.1436654,-21.887126,Reykjavík--Teigar
L1025679,IS,IS-1,,64.1440114,-21.9424438,Reykjavík--Tjörnin pond
L1309348,IS,IS-1,,64.1388353,-21.9439888,Reykjavík--Vatnsmýrin
L2175183,IS,IS-1,,64.1384662,-21.9464296,Reykjavík--Vatnsmýrin (Hústjörn)
L1862989,IS,IS-1,,64.1455083,-21.9656206,Reykjavík--Vesturbær
L1787245,IS,IS-1,,64.1583516,-21.9420576,Reykjavík--Örfirisey
L1160114,IS,IS-1,,64.1258835,-21.9188232,Reykjavík--Öskjuhlíð
L1104110,IS,IS-1,,64.1531058,-21.937294,Reykjavíkurhöfn (harbour)
L1669354,IS,IS-8,,63.4033264,-19.0483188,Reynisfjara
L2152956,IS,IS-7,,65.0275244,-14.2347622,Reyðarfjarðarbotn
L1526510,IS,IS-7,,65.0321849,-14.2276922,Reyðarfjörður--botn-þorpið
L2153031,IS,IS-7,,65.0334664,-14.2187119,Reyðarfjörður--þorpið
L1025760,IS,IS-3,,64.9229524,-23.8173037,Rif
L1213235,IS,IS-3,,64.9191761,-23.8216209,Rif--tjarnir (ponds)
L1131481,IS,IS-6,,66.0067126,-17.3853493,Saltvík (Skjálfandi)
L1192870,IS,IS-6,,66.0118426,-17.3818302,Saltvík--Skeglubjörg
L1010997,IS,IS-2,,64.0381029,-22.71492,Sandgerði
L1128979,IS,IS-2,,64.0353222,-22.710371,Sandgerði--leira (mudflat)
L1128962,IS,IS-2,,64.0420667,-22.7146196,Sandgerði--north beach
L1128959,IS,IS-2,,64.0433252,-22.7095985,Sandgerðistjörn (ponds)
L1552931,IS,IS-6,,65.9726412,-17.5716021,Sandur--Fífutjarnir
L1140904,IS,IS-6,,65.9555659,-17.5546074,Sandur--Kisi (pond)
L1274291,IS,IS-6,,65.969271,-17.5382996,Sandur--Miklavatn
L1222932,IS,IS-6,,65.6370393,-17.0954132,Sandvatn ytra
L1798275,IS,IS-5,,65.7461828,-19.6395206,Sauðárkrókur
L1321826,IS,IS-5,,65.7415253,-19.5842028,Sauðárkrókur--flugvöllur
L1311369,IS,IS-8,,63.9388406,-21.0031128,Selfoss
L2315056,IS,IS-8,,63.9328,-21.0327,Selfoss--ræsi
L2198997,IS,IS-8,,63.6161814,-19.9912548,Seljalandsfoss
L1319559,IS,IS-1,,64.155069,-21.9984055,Seltjarnarnes (town)
L1128920,IS,IS-1,,64.154378,-22.0148849,Seltjarnarnes--Bakkavík
L1466256,IS,IS-1,,64.1499484,-22.0272127,Seltjarnarnes--Búðatjörn
L1128917,IS,IS-1,,64.1537793,-22.0270729,Seltjarnarnes--Daltjörn
L2034902,IS,IS-1,,64.1573525,-21.9992638,Seltjarnarnes--Hofgarðar
L2034915,IS,IS-1,,64.1484186,-21.9853377,Seltjarnarnes--Selbraut
L2682618,IS,IS-1,,64.1570345,-22.0221376,Seltjarnarnes--Seltjörn
L1342059,IS,IS-1,,64.1625765,-22.0153557,Seltjarnarnes--Snoppa
L2034928,IS,IS-1,,64.1482221,-21.9869041,Seltjarnarnes--Sólbraut
L1339199,IS,IS-1,,64.1449372,-21.9810774,Seltjarnarnes--ræsi við Tjarnarstíg (sewage outlet)
L2341238,IS,IS-1,,64.1544765,-22.0349768,Seltjarnarnes--seawatch from golf course
L1543789,IS,IS-1,,64.1492752,-22.0285307,Seltjarnarnes--utan Búðavíkur
L1010988,IS,IS-2,,63.9499648,-22.4346614,Seltjörn
L1477561,IS,IS-8,,63.8669694,-21.8185047,Selvogur--Herdísarvík
L1487215,IS,IS-8,,63.8474933,-21.721001,Selvogur--Vogsós
L1168772,IS,IS-6,,66.1359029,-18.9058828,Siglufjörður
L1009728,IS,IS-1,,64.15348,-21.8851948,Sigurjón Ólafsson Museum
L1670452,IS,IS-7,,64.0172413,-16.9721603,Skaftafell National Park
L1321796,IS,IS-5,,65.6166372,-19.47052,Skagafjörður--Glaumbæjareyja
L1321807,IS,IS-5,,65.69928,-19.5769501,Skagafjörður--Miklavatn
L1151041,IS,IS-5,,65.6457125,-19.3935299,Skagafjörður--Syðribrekkur
L1798274,IS,IS-5,,66.1113294,-20.1102161,Skagi--Hraun
L2727317,IS,IS-5,,66.0182275,-20.428648,Skagi--Kálfshamarsvík
L1645429,IS,IS-5,,66.0822465,-20.360069,Skagi--Rekavatn
L2727291,IS,IS-5,,65.8980084,-19.8546982,Skagi--Sævarlandsvík
L1645433,IS,IS-5,,66.1133004,-20.1336483,Skagi--Torfavatn
L1645432,IS,IS-5,,66.1217243,-20.1657493,Skagi--Ásbúðnavatn
L2947815,IS,IS-3,,64.8810921,-23.9860108,Skarðsvík undir Jökli
L1148678,IS,IS-8,,64.025648,-20.5148649,Skeið
L2746532,IS,IS-8,,64.0399064,-20.4364157,Skeið--tún við vegamót 30-31
L1787514,IS,IS-8,,64.0674917,-20.4651693,Skeið--Ósabakki
L1104106,IS,IS-6,,66.1851636,-16.9803143,Skeiðsöxl
L1477662,IS,IS-1,,64.1248085,-21.9494177,Skerjafjörður
L1590943,IS,IS-6,,66.0673826,-17.5216132,Skjálfandi bay
L1110696,IS,IS-6,,66.0758629,-16.6508102,Skjálftavatn lake
L1212301,IS,IS-3,,64.5311353,-21.5121746,Skorradalur--Hvammur
L1212303,IS,IS-3,,64.5213527,-21.4587879,Skorradalur--Stálpastaðir
L1207928,IS,IS-6,,66.3860985,-14.8542023,Skoruvíkurbjarg cliffs
L1108291,IS,IS-4,,66.0632075,-23.1722689,Skutulsfjordur--Tunguaros (river mouth)
L1108295,IS,IS-4,,66.0491173,-23.1567764,Skutulsfjörður--Engidalur
L1344817,IS,IS-4,,66.0553789,-23.1719047,Skutulsfjörður--Holtahverfi
L1484739,IS,IS-4,,66.0561104,-23.1376583,Skutulsfjörður--Ísafjarðarflugvöllur (tjarnir-ponds)
L1162487,IS,IS-7,,65.2933602,-13.6977196,Skálanes
L1620600,IS,IS-4,,66.1802283,-23.4881401,Skálavík
L1807677,IS,IS-4,,65.6306084,-22.692658,Skálmarfjörður
L1497008,IS,IS-7,,65.7625244,-14.8613375,Skógalón
L1317290,IS,IS-8,,63.5283711,-19.4976454,Skógar
L1177923,IS,IS-8,,63.5064656,-19.4310379,Skógasandur
L2489378,IS,IS-4,,65.9058584,-22.8416061,Skötufjörður
L2062441,IS,IS-8,,64.0047921,-20.9739304,Sog--neðan Álftavatns
L2062454,IS,IS-8,,64.0631913,-20.9885216,Sog--ofan Álftavatns
L1787513,IS,IS-8,,63.9953901,-20.9742737,Sog--sunnan Biskupstungnabraut
L2054239,IS,IS-8,,64.0520771,-20.9801102,Sog--við Ásgarð
L1189652,IS,IS-8,,64.0679961,-20.9793377,Sogið (river)--beygja við veg
L1154846,IS,IS-8,,64.0054711,-20.9752929,Sogið (river)--neðan Þrastaskógs (Rd. 35)
L1154353,IS,IS-8,,64.0911111,-21.0083333,Sogið--Ljósafoss-Írafoss
L1340895,IS,IS-8,,64.0270993,-20.9751203,Sogið--Álftavatn
L1213229,IS,IS-3,,64.8260555,-23.2105923,Staðarsveit--Lýsuvatn
L2081220,IS,IS-3,,64.8030811,-23.0815029,Staðarsveit--Ytritunga
L1139912,IS,IS-4,,65.7666562,-21.7785931,Steingrimsfjordur--Stakkanes
L1139909,IS,IS-4,,65.6543473,-21.6520357,Steingrimsfjordur--Tungugrafarvogar
L1309925,IS,IS-8,,63.8355116,-21.0619926,Stokkseyri
L1232818,IS,IS-3,,65.0783877,-22.7247906,Stykkishólmur
L1319443,IS,IS-3,,65.0593184,-22.7452612,Stykkishólmur--Arnarborg
L1245958,IS,IS-2,,63.8596578,-22.695179,Stóra-Sandvík
L1277216,IS,IS-7,,64.8352178,-13.8702393,Stöðvarfjörður
L1177160,IS,IS-7,,64.8380644,-13.9552975,Stöðvarfjörður--Stöðvaralda
L1177156,IS,IS-7,,64.8327268,-13.8588238,Stöðvarfjörður--skógrækt (plantation)
L1177158,IS,IS-7,,64.8347434,-13.8764191,Stöðvarfjörður--þorpið (town)
L1118055,IS,IS-4,,66.0275053,-22.9847717,Sudavik
L2767452,IS,IS-8,,64.1924805,-19.503994,Sultartangastífla
L1480237,IS,IS-1,,64.1518026,-21.8579898,Sundahöfn
L2920717,IS,IS-7,,64.9563341,-14.6359348,Suðurdalur--Skriðuvatn
L2398429,IS,IS-7,,64.1918639,-15.8131456,Suðursveit--Borgarhöfn
L1191836,IS,IS-7,,64.1410541,-15.9596157,Suðursveit--Borgarland
L1177896,IS,IS-7,,64.1789505,-15.8371353,Suðursveit--Fífutjarnir
L1177900,IS,IS-7,,64.1286227,-16.0367775,Suðursveit--Halatún
L1670448,IS,IS-7,,64.1296279,-16.0171658,Suðursveit--Hali
L2398432,IS,IS-7,,64.1819966,-15.766578,Suðursveit--Hestgerði
L1177899,IS,IS-7,,64.1779785,-15.7709599,Suðursveit--Hestgerðislón
L1572312,IS,IS-7,,64.1809022,-15.8713403,Suðursveit--Jaðar
L2398421,IS,IS-7,,64.1808945,-15.8939552,Suðursveit--Kálfafell
L2398426,IS,IS-7,,64.1812073,-15.8758017,Suðursveit--Kálfafellsstaður
L1177902,IS,IS-7,,64.1335285,-16.0647583,Suðursveit--Reynivellir
L1630963,IS,IS-7,,64.2477706,-15.6877041,Suðursveit--Skálafell
L1177894,IS,IS-7,,64.2169819,-15.718174,Suðursveit--Smyrlabjörg
L1106315,IS,IS-6,,65.7443286,-18.0913925,Svalbarðseyri
L2107967,IS,IS-6,,65.7890701,-18.0652142,Svalbarðsströnd--Garðsvík
L1180540,IS,IS-6,,65.9622446,-18.5220051,Svarfaðardalsá--neðan þjóðvegar
L2406617,IS,IS-6,,65.9295268,-18.5630955,Svarfaðardalur--Tjörn
L1180538,IS,IS-6,,65.9331045,-18.5409737,Svarfaðardalur--austan ár
L1180541,IS,IS-6,,65.939684,-18.5644913,Svarfaðardalur--vestan ár
L2107714,IS,IS-6,,65.4247282,-17.3434639,Svartá--neðan Grjótár
L1463524,IS,IS-6,,65.3415902,-17.2477308,Svartárkot
L1185771,IS,IS-6,,66.205222,-16.4667034,Sveltingstjörn
L1462883,IS,IS-8,,64.1023626,-20.6918898,Svínavatn
L2947838,IS,IS-3,,64.8663866,-24.0404463,Svörtuloft
L1243159,IS,IS-6,,65.9661251,-17.5044823,Sílalækur
L1140908,IS,IS-6,,65.9597621,-17.5151253,Sílalækur--Yxnatjörn
L1201705,IS,IS-8,,63.8429766,-17.9523468,Síða--Hörgsland
L1314408,IS,IS-8,,63.8401765,-17.9666805,Síða--Múlakot
L1351729,IS,IS-4,,66.1300823,-23.5303114,Súgandafjörður--Suðureyri
L1158108,IS,IS-4,,66.021864,-22.9889989,Súðavík--Langeyri
L1168782,IS,IS-5,,66.0134128,-19.3875647,Tjarnir
L1824965,IS,IS-6,,65.6696774,-18.0440679,Tjörn við Vaðlareit
L1231770,IS,IS-6,,66.1656443,-16.9903564,Tjörnes--Bangastaðavatn
L1104103,IS,IS-6,,66.1942075,-17.1630478,Tjörnes--Breiðavík
L1464641,IS,IS-6,,66.0975159,-17.3032097,Tjörnes--Eyvík
L2391337,IS,IS-6,,66.1474635,-17.2581482,Tjörnes--Hallbjarnarstaðakrókur
L2391350,IS,IS-6,,66.0845764,-17.3199332,Tjörnes--Héðinshöfði I (garður)
L1226487,IS,IS-6,,66.1613778,-17.229352,Tjörnes--Hólsmýri
L1179166,IS,IS-6,,66.1999924,-17.100563,Tjörnes--Mánárbakki
L1316272,IS,IS-6,,66.1940342,-17.0111275,Tjörnes--Mánársel
L2391852,IS,IS-6,,66.2005732,-17.1369292,Tjörnes--Voladalstjörn
L1321783,IS,IS-5,,65.4573697,-19.3012619,Tungusveit--Stapavatn
L1500917,IS,IS-4,,65.6272423,-23.8513188,Tálknafjörður--Sveinseyri
L1204509,IS,IS-8,,63.6822611,-20.4745674,V-Landeyjar--Klasbarðatjarnir
L1550685,IS,IS-8,,63.6957715,-20.4890409,V-Landeyjar--Skúmsstaðavatn
L1025753,IS,IS-6,,65.7174289,-17.8944111,Vaglaskógur forest
L1170741,IS,IS-6,,66.028412,-16.4693642,Vatnajökulsþjóðgarður NP--Ástjörn
L1319440,IS,IS-3,,64.9319606,-22.9147339,Vatnaleið--Horn
L2042410,IS,IS-4,,65.5921759,-23.1291389,Vatnsdalsvatn
L1479345,IS,IS-4,,65.9377678,-22.4695111,Vatnsfjörður--Sveinhúsavatn
L1216202,IS,IS-5,,65.5175159,-19.6270752,Vatnshlíðarvatn
L1864339,IS,IS-6,,65.6768576,-18.0458872,Vaðlareitur
L1268943,IS,IS-8,,63.4384605,-20.2697754,Vestmannaeyjabær (town)
L1165667,IS,IS-8,,63.4860887,-20.2059174,Vestmannaeyjar ferry (Landeyjahöfn-Heimaey)
L1488673,IS,IS-8,,63.6959823,-20.8020323,Vestmannaeyjar ferry (Þorlákshöfn-Heimaey)
L1135258,IS,IS-6,,65.7966895,-17.436161,Vestmannsvatn
L1131503,IS,IS-2,,63.9371462,-22.6570702,Vetrarfuglatalning--008A (Hafnir-Ósabotnar)
L2492383,IS,IS-2,,63.9906437,-22.3873901,Vetrarfuglatalning--013 (Vogastapi-Kálfatjörn)
L1110150,IS,IS-3,,64.3809101,-21.4329529,Vetrarfuglatalning--025D (Botnsvogur-Miðsandur)
L2398481,IS,IS-6,,65.6038777,-16.9313049,Vetrarfuglatalning--220 (Reykjahlíð-Kálfaströnd)
L2386127,IS,IS-6,,66.102024,-17.3087883,Vetrarfuglatalning--226 (Reyðará-Rekaá)
L2388272,IS,IS-6,,66.0076899,-17.4013138,Vetrarfuglatalning--232A (Laxamýri-Laxárós-Gjáarnef)
L1366653,IS,IS-6,,66.0443304,-17.3448912,Vetrarfuglatalning--232B (Húsavík)
L1110894,IS,IS-6,,66.1876935,-17.1826172,Vetrarfuglatalning--234 (Hólssker-Máfhöfði)
L2391256,IS,IS-6,,66.1754925,-16.9817734,Vetrarfuglatalning--235 (Máfhöfði-Lón)
L1124790,IS,IS-6,,65.720676,-17.3573685,Vetrarfuglatalning--239A (Laugar og nágr.)
L2603648,IS,IS-7,,66.0438206,-15.0232887,Vetrarfuglatalning--302 (Miðfjarðarárós-Þorvaldsstaðir)
L2604180,IS,IS-7,,66.0360129,-14.9230385,Vetrarfuglatalning--303 (Þorvaldsstaðir-Stapaá)
L1874816,IS,IS-8,,63.4166163,-20.2708593,Vetrarfuglatalning--406S (Sæfjall-Garðsendi)
L1124774,IS,IS-6,,65.845239,-17.362175,Vetrarfuglatalning--NA02 (Hvammahringur)
L1124788,IS,IS-6,,65.8859309,-17.311492,Vetrarfuglatalning--NA06 (Hveravellir)
L2398493,IS,IS-6,,65.6037713,-17.0870018,Vetrarfuglatalning--NA07 (Breiða-Álar)
L1373303,IS,IS-6,,66.5248085,-16.008276,Vetrarfuglatalning--NA10 (Hestvík-Hringlón)
L1881099,IS,IS-6,,66.3984734,-16.5106702,Vetrarfuglatalning--NA15 (Hvalvík-Sæberg)
L1881111,IS,IS-6,,66.4977077,-16.5527272,Vetrarfuglatalning--NA17 (Grjótnes-Núpskatla)
L1882639,IS,IS-6,,66.5161129,-16.4536253,Vetrarfuglatalning--NA18 (Núpskatla-Oddstaðir)
L2582664,IS,IS-6,,66.4901945,-16.285944,Vetrarfuglatalning--NA20 (Háumalarlón-Blikalón)
L2577132,IS,IS-6,,66.5315885,-16.2036324,Vetrarfuglatalning--NA21 (Blikalón-Rifshólavatn)
L2582670,IS,IS-6,,66.4234088,-15.9294033,Vetrarfuglatalning--NA23 (Vogur-Ormarslónshöfði)
L1126377,IS,IS-8,,63.7138464,-17.9667664,Vetrarfuglatalning--S03 (Landbrot og Meðalland)
L1126170,IS,IS-8,,63.6581443,-18.2620239,Vetrarfuglatalning--S04 (Meðalland frá Fljótsbotnum)
L1366609,IS,IS-6,,66.0624689,-17.3542168,Vetrarfuglatalning--svæði 223 (Norðurgarður-Reyðará)
L1647735,IS,IS-4,,66.0545523,-22.8282166,Vigur
L1462871,IS,IS-8,,64.1104744,-21.0842299,Villingavatn
L1104104,IS,IS-6,,66.2077845,-17.1450233,Voladalstorfa lighthouse
L1112972,IS,IS-7,,65.74974,-14.83035,Vopnafjörður
L1112958,IS,IS-7,,65.8761279,-14.6787643,Vopnafjörður--Strandhafnarvegur
L1191697,IS,IS-8,,63.4175741,-18.9978504,Vík
L1142640,IS,IS-6,,66.1013286,-16.832428,Víkingavatn--Breiða
L1142637,IS,IS-6,,66.0946863,-16.8281364,Víkingavatn--Suðurbolur (south end)
L1143822,IS,IS-6,,66.1107152,-16.8192101,Víkingavatn--Yztibolur
L1536726,IS,IS-6,,66.091847,-16.8332002,Víkingavatn--frá vegi (lake from road)
L1289342,IS,IS-2,,63.8189399,-22.6151848,Víkur
L1497060,IS,IS-7,,65.4918434,-15.969293,Víðidalur
L1800455,IS,IS-6,,65.5790849,-18.0610129,Ytra-Laugaland
L2564198,IS,IS-3,,64.9909732,-22.6098633,Álftafjörður
L1346276,IS,IS-7,,64.5720503,-14.5511339,Álftafjörður
L1177507,IS,IS-7,,64.5460609,-14.6161938,Álftafjörður--Flugustaðir
L1526467,IS,IS-7,,64.5933529,-14.5550505,Álftafjörður--Geithellur
L1149633,IS,IS-7,,64.5859638,-14.570961,Álftafjörður--Illafit
L1177506,IS,IS-7,,64.5639277,-14.6195412,Álftafjörður--Rannveigarstaðir
L1149618,IS,IS-7,,64.5392172,-14.5690727,Álftafjörður--Starmýri
L1277199,IS,IS-7,,64.50863,-14.5082617,Álftafjörður--Þvottá
L1487136,IS,IS-1,,64.1020048,-22.0097891,Álftanes
L1477657,IS,IS-1,,64.1107958,-21.9953157,Álftanes--Bessastaðatjörn
L1128921,IS,IS-1,,64.1045491,-22.0018816,Álftanes--Bessastaðavegur
L1152189,IS,IS-1,,64.1156012,-22.0002723,Álftanes--Breiðabólsstaðatjörn
L1128923,IS,IS-1,,64.0910137,-22.0160437,Álftanes--Hliðsnes
L1128922,IS,IS-1,,64.1118389,-22.0153999,Álftanes--Kasthúsatjörn
L2076013,IS,IS-1,,64.0940326,-22.0165157,Álftanes--Skógtjörn
L1242986,IS,IS-1,,64.09087,-22.0079148,Álftanes--túnið við Katrínarkot
L1318826,IS,IS-8,,64.3129657,-21.0460281,Ármannsfell
L1505725,IS,IS-5,,65.5540633,-20.3508849,Ásar--Stóra-Giljá
L1505722,IS,IS-5,,65.5979184,-20.3158662,Ásar--Torfalækjartún (fields)
L1123927,IS,IS-6,,66.0053166,-16.5110779,Ásbyrgi
L1207897,IS,IS-5,,65.7275218,-19.6167755,Áshildarholtsvatn
L1147627,IS,IS-8,,64.1131505,-19.9731445,Ásólfsstaðaskógur
L1122842,IS,IS-6,,65.9947736,-17.4135017,Ærvíkurbjarg
L1622946,IS,IS-4,,66.1810154,-23.0871805,Ísafjarðardjúp
L1174903,IS,IS-4,,65.9241424,-22.3612976,Ísafjörður--Hundatangar
L2469847,IS,IS-4,,66.0706762,-23.1258774,Ísafjörður--hafnarsvæði (harbour area)
L2740053,IS,IS-8,,64.1197263,-19.7371209,Ísakot
L1321983,IS,IS-6,,66.0643045,-18.6692047,Ólafsfjarðarvatn
L1321980,IS,IS-6,,66.0385925,-18.7133217,Ólafsfjörður--Þóroddssstaðatjörn
L1319434,IS,IS-8,,63.8771025,-21.2094498,Óseyrarbrú
L2168937,IS,IS-8,,63.8788515,-21.2243414,Óseyrartangi--Hafið Bláa
L1487196,IS,IS-8,,63.9514308,-21.2803837,Ölfus--Bakki (Álfaborgir)
L1487198,IS,IS-8,,63.941447,-21.3037729,Ölfus--Bjarnastaðir
L1137146,IS,IS-8,,63.9413317,-21.2976193,Ölfus--Hjalli
L1785835,IS,IS-8,,63.903722,-21.4393816,Ölfus--Hlíðarendi
L1137130,IS,IS-8,,63.9775802,-21.2312829,Ölfus--Núpar
L1462792,IS,IS-3,,64.8727336,-24.0395132,Öndverðarnes
L1807678,IS,IS-4,,65.5690319,-24.1579595,Örlygshöfn
L1177911,IS,IS-7,,63.9056215,-16.5890121,Öræfi--Hnappavellir
L1177915,IS,IS-7,,63.9056782,-16.7062569,Öræfi--Hof
L1177908,IS,IS-7,,63.978145,-16.4369202,Öræfi--Kvísker
L1177917,IS,IS-7,,63.983755,-16.8540573,Öræfi--Svínafell
L1232455,IS,IS-6,,66.0473751,-16.4388084,Öxarfjörður--Akurgerði
L2897400,IS,IS-6,,66.0279238,-16.425333,Öxarfjörður--Ferjubakkakinn
L2920772,IS,IS-6,,66.1039016,-16.4424992,Öxarfjörður--Klifshagi-Ærlækur
L2159448,IS,IS-6,,66.1867924,-16.4849854,Öxarfjörður--Núpsvatn
L1558187,IS,IS-6,,66.1631687,-16.4685598,Öxarfjörður--Núpur
L1273866,IS,IS-6,,66.1670316,-16.5660095,Öxarfjörður--Skógalón
L2289438,IS,IS-8,,64.2687033,-21.1218088,Öxará--við Þingvallaveg (by rd. 36)
L1319425,IS,IS-6,,65.5707399,-18.5466385,Öxnadalur--Engimýri
L1189647,IS,IS-8,,64.0960575,-21.0201073,ÚIfljótsvatn lake--suðurendi (south bay)
L1211225,IS,IS-1,,64.1408295,-21.7624998,Úlfarsá--neðan þjóðvegar
L1284289,IS,IS-8,,64.1284354,-21.0184765,Úlfljótsvatn--Steingrímssstöð
L2476906,IS,IS-8,,64.1215657,-21.0216694,Úlfljótsvatn--norðausturvogur
L2899362,IS,IS-6,,65.9456934,-17.596761,Útkinn--Bjargalundur
L1630979,IS,IS-7,,65.440612,-15.8959818,Útland--tjarnir við veg (roadside ponds)
L1328282,IS,IS-6,,66.0725317,-16.4367481,Þangbrandslækur
L1228773,IS,IS-6,,65.8771803,-16.9625473,Þeistareykir
L2136116,IS,IS-5,,65.543753,-20.343504,Þing--Brekka
L1629699,IS,IS-6,,65.7546399,-17.5060713,Þingey
L1798268,IS,IS-8,,64.1259781,-21.158692,Þingvallavatn--Hagavík
L1284290,IS,IS-8,,64.1440114,-21.0360718,Þingvallavatn--Sprænutangi-stífla
L1462874,IS,IS-8,,64.2407781,-21.0531593,Þingvallavatn--Vatnsvik
L1318808,IS,IS-8,,64.2556968,-21.1244774,Þingvellir
L1462878,IS,IS-8,,64.2472625,-21.0551687,Þingvellir--tjarnir (ponds)
L2246341,IS,IS-8,,64.253796,-21.1259151,Þingvellir--tjarnir við Almannagjá
L1356443,IS,IS-6,,66.1557741,-15.4225735,Þistilfjörður--Gunnarsstaðir
L1112888,IS,IS-6,,66.2273059,-15.6987762,Þistilfjörður--Sjóhúsavík
L1513547,IS,IS-6,,66.2090573,-15.549471,Þistilfjörður--Ytra-Áland
L1147658,IS,IS-8,,64.1008566,-19.9690247,Þjórsárdalur
L1245962,IS,IS-2,,63.8709998,-22.4329662,Þorbjörn (Selskógur)
L1371333,IS,IS-8,,63.8605279,-21.3717041,Þorlákshöfn
L1025755,IS,IS-4,,65.6866459,-22.065937,Þorskafjarðarheiði
L1154849,IS,IS-8,,64.0081203,-20.9760278,Þrastaskógur
L1149617,IS,IS-7,,64.472165,-14.4948292,Þvottárskriður
L1462791,IS,IS-8,,63.7470024,-20.6071758,Þykkvibær
L1112900,IS,IS-6,,66.1955932,-15.3353691,Þórshöfn
L1462793,IS,IS-3,,64.7353675,-23.7748423,Þúfubjarg
