L1912173,CA,CA-QC,CA-QC-HR,45.1787366,-73.2685196,"100e ave, St-Paul-de-l'Île-aux-Noix"
L1154375,CA,CA-QC,CA-QC-LV,45.5625616,-73.8639379,"10e ave (plage), Laval"
L971444,CA,CA-QC,CA-QC-LV,45.5584798,-73.869431,"55e rue (pointe), Laval-Ouest"
L2441001,CA,CA-QC,CA-QC-DE,46.8286651,-71.1421689,Anse Gilmour
L2530733,CA,CA-QC,CA-QC-DE,46.8019543,-71.1910153,Anse Russell
L2867245,CA,CA-QC,CA-QC-DR,49.1106891,-66.6292048,Anse au Goémon
L2866551,CA,CA-QC,CA-QC-RM,48.5290058,-68.4291387,Anse au Lard
L2919456,CA,CA-QC,CA-QC-IM,47.420126,-61.8943977,Anse aux Baleiniers
L3189513,CA,CA-QC,CA-QC-MM,46.9135319,-70.767746,Anse de Bellechasse
L3165491,CA,CA-QC,CA-QC-BL,46.8872872,-70.8486843,Anse de St-Vallier
L2970150,CA,CA-QC,CA-QC-CE,47.8057705,-69.8986244,Anse du Port-au-Persil
L956538,CA,CA-QC,CA-QC-PB,48.4784726,-64.2843593,Anse à Beaufils
L2796671,CA,CA-QC,CA-QC-SAG,48.355525,-70.8660221,Anse à Benjamin
L2873612,CA,CA-QC,CA-QC-PB,48.2776561,-64.7388611,Anse à Blondel
L2742863,CA,CA-QC,CA-QC-RM,48.3224279,-68.8629913,Anse à Mercier
L3022151,CA,CA-QC,CA-QC-HC,48.8384134,-68.858614,Anse à Norbert
L2530738,CA,CA-QC,CA-QC-HC,48.317688,-69.4152045,Anse-aux-Basques
L1025534,CA,CA-QC,CA-QC-HC,48.22055,-69.875,Anse-de-Roche
L2530758,CA,CA-QC,CA-QC-HC,48.5759967,-69.1941905,Anse-à-Boisvert
L1135736,CA,CA-QC,CA-QC-NY,46.1813281,-72.6604092,"Aqueduc, Baie-du-Febvre"
L247704,CA,CA-QC,CA-QC-MR,45.428871,-73.9520833,Arboretum Morgan
L355467,CA,CA-QC,CA-QC-CP,45.6450682,-73.4412217,Arboretum Stephen-Langevin
L2931965,CA,CA-QC,CA-QC-LS,48.3976391,-71.7782307,Arboretum de la presqu'île Croft
L1912223,CA,CA-QC,CA-QC-HR,45.323253,-73.263334,Auberge Harris (stationnement rue Champlain)
L682500,CA,CA-QC,CA-QC-BC,46.4087772,-72.2830811,"Ave des Hirondelles, Gentilly"
L759137,CA,CA-QC,CA-QC-HM,47.4073015,-72.7884183,Aéroport de La Tuque
L2948708,CA,CA-QC,CA-QC-MU,45.7194242,-73.5972404,Aéroport de Mascouche
L2873701,CA,CA-QC,CA-QC-JAM,49.7610864,-77.8022575,Aéroport de Matagami
L3312196,CA,CA-QC,CA-QC-RM,48.4750273,-68.5024781,Aéroport de Rimouski
L166215,CA,CA-QC,CA-QC-CP,45.5199482,-73.4134615,Aéroport de St-Hubert
L489658,CA,CA-QC,CA-QC-OU,45.5206492,-75.5618224,Aéroport exécutif Gatineau-Ottawa
L606875,CA,CA-QC,CA-QC-QU,46.7903411,-71.390276,Aéroport international Jean-Lesage
L973334,CA,CA-QC,CA-QC-ML,45.6701922,-74.0324134,Aéroport international Montréal-Mirabel
L1299755,CA,CA-QC,CA-QC-MI,48.6024014,-68.2113842,Aéroport régional de Mt-Joli
L3453980,CA,CA-QC,CA-QC-MN,49.1568289,-68.216418,Baie Henri-Grenier
L1533826,CA,CA-QC,CA-QC-VF,45.5876839,-71.9749975,Baie Kendall
L2200266,CA,CA-QC,CA-QC-OU,45.4845439,-75.5847247,Baie McLaurin
L2696276,CA,CA-QC,CA-QC-MT,48.8492659,-67.5274615,Baie Rivière Matane
L2200800,CA,CA-QC,CA-QC-OU,45.385922,-75.7966705,Baie Simard
L2802307,CA,CA-QC,CA-QC-CE,48.1091855,-69.7233582,Baie Ste-Catherine
L2083060,CA,CA-QC,CA-QC-QU,46.8525788,-71.1809293,Baie de Beauport
L2901894,CA,CA-QC,CA-QC-DR,49.0970344,-66.6783857,Baie de Cap-Chat
L1172385,CA,CA-QC,CA-QC-MR,45.4430674,-73.789072,Baie de Valois
L3205906,CA,CA-QC,CA-QC-FS,48.4502773,-70.9208679,Baie de la Rivière aux Outardes
L3453983,CA,CA-QC,CA-QC-HC,48.5115867,-69.2808366,Baie des Bacon
L2204904,CA,CA-QC,CA-QC-CE,47.9570713,-69.799699,Baie des Rochers
L3127430,CA,CA-QC,CA-QC-PB,48.333408,-64.7079277,Baie du Grand Pabos
L3043863,CA,CA-QC,CA-QC-PB,48.3746678,-64.5867777,Baie du Petit Pabos
L2863353,CA,CA-QC,CA-QC-IM,47.2489586,-61.9182158,Baie du Portage
L3189549,CA,CA-QC,CA-QC-FS,48.3018474,-70.3250885,Baie Éternité
L2323681,CA,CA-QC,CA-QC-AV,48.0952184,-66.1129761,"Baie, Carleton-sur-Mer"
L2346111,CA,CA-QC,CA-QC-HC,48.3497186,-69.4018189,"Baie, Les Escoumins"
L2764781,CA,CA-QC,CA-QC-NY,46.1393147,-72.710309,Baie-du-Febvre
L2980523,CA,CA-QC,CA-QC-BO,48.0162239,-65.2472019,Banc de Paspébiac
L349932,CA,CA-QC,CA-QC-HC,48.61917,-69.08583,Banc de Portneuf-sur-Mer
L3021323,CA,CA-QC,CA-QC-IM,47.4207144,-61.8674254,Barachois de Fatima
L797193,CA,CA-QC,CA-QC-PB,48.582172,-64.2928505,"Barachois, Percé"
L2290056,CA,CA-QC,CA-QC-AV,48.1076978,-66.2242957,"Barachois, St-Omer"
L2651737,CA,CA-QC,CA-QC-RV,45.412303,-73.2422662,"Barrage (vieux), Richelieu"
L2885482,CA,CA-QC,CA-QC-HF,45.7598025,-71.4059079,Barrage Aylmer
L2764142,CA,CA-QC,CA-QC-HM,48.3534487,-74.0987277,Barrage Gouin
L2900413,CA,CA-QC,CA-QC-LCH,46.4501175,-72.7376461,Barrage La Gabelle
L1844794,CA,CA-QC,CA-QC-SH,45.4785105,-71.9528736,Barrage Larocque
L3042069,CA,CA-QC,CA-QC-MN,49.3189462,-68.3487797,Barrage Manic 2
L3408297,CA,CA-QC,CA-QC-VG,46.7174599,-75.9838271,Barrage Mercier
L2792016,CA,CA-QC,CA-QC-VG,45.8101363,-75.9309769,Barrage Paugan
L2772783,CA,CA-QC,CA-QC-SAG,48.3096823,-71.2112975,Barrage de Portage-des-Roches
L2778735,CA,CA-QC,CA-QC-SAG,48.3871639,-71.1287456,Barrage de la Chute-Garneau
L1053170,CA,CA-QC,CA-QC-LV,45.5322968,-73.8814902,Barrage du Grand-Moulin
L1912436,CA,CA-QC,CA-QC-BH,45.3140798,-73.9084149,"Barrage, Beauharnois"
L1912137,CA,CA-QC,CA-QC-VR,45.444841,-73.261714,"Barrage, Chambly"
L2157860,CA,CA-QC,CA-QC-HL,45.0874737,-74.1726326,"Barrage, Huntingdon"
L2593984,CA,CA-QC,CA-QC-TT,47.5708305,-68.6421511,"Barrage, Lac Témiscouata"
L3136704,CA,CA-QC,CA-QC-MK,45.4997297,-72.9066896,"Barrage, St-Pie"
L2968564,CA,CA-QC,CA-QC-MK,45.4869949,-72.8944266,"Barrage, Émileville"
L2679809,CA,CA-QC,CA-QC-VS,45.3777927,-74.1862535,Base de plein air des Cèdres
L663110,CA,CA-QC,CA-QC-QU,46.7906725,-71.3303447,"Base de plein air, Québec (Ste-Foy)"
L3093583,CA,CA-QC,CA-QC-SH,45.3327882,-71.9903934,Base de plein-air André-Nadeau
L3061895,CA,CA-QC,CA-QC-IM,47.5514256,-61.5163136,Bassin aux Huîtres
L165065,CA,CA-QC,CA-QC-VR,45.4603508,-73.2786403,Bassin de Chambly
L1442851,CA,CA-QC,CA-QC-LV,45.6002271,-73.7428522,"Bassin de décantation, Vimont"
L3025545,CA,CA-QC,CA-QC-KA,47.5671737,-69.8691201,"Battures, Kamouraska"
L2447945,CA,CA-QC,CA-QC-KA,47.3770808,-70.052948,"Battures, La Pocatière"
L2736401,CA,CA-QC,CA-QC-IM,47.4034038,-61.9373603,Belle-Anse
L1830426,CA,CA-QC,CA-QC-SH,45.3911791,-71.9200112,Belvédère d'Hydro-Sherbrooke
L2298633,CA,CA-QC,CA-QC-QU,46.7494622,-71.300379,Belvédère des Grèves
L3109370,CA,CA-QC,CA-QC-APP,46.2245,-71.4177,"Belvédère, chemin Craig"
L3174199,CA,CA-QC,CA-QC-DE,46.8261076,-71.1716437,"Belvédère, rue Mercier"
L3092522,CA,CA-QC,CA-QC-LV,45.5702229,-73.8495183,Berge Camille-Barbe
L1739708,CA,CA-QC,CA-QC-LV,45.5625037,-73.6762168,Berge Délia-Tétreault
L2773846,CA,CA-QC,CA-QC-LV,45.624588,-73.6387289,Berge Jean Roger Grégoire
L2346308,CA,CA-QC,CA-QC-LV,45.688414,-73.636355,Berge Léonard-Éthier
L2470278,CA,CA-QC,CA-QC-LV,45.5444048,-73.8786578,Berge aux Quatre-vents
L3239425,CA,CA-QC,CA-QC-LV,45.5948221,-73.6545324,Berge de l'Alose
L3213967,CA,CA-QC,CA-QC-LV,45.5406867,-73.8803825,Berge de l'Anse
L1440512,CA,CA-QC,CA-QC-LV,45.6597074,-73.5837865,Berge de l'Harmonie
L1440400,CA,CA-QC,CA-QC-LV,45.6272347,-73.6379057,Berge de la Brise
L1442395,CA,CA-QC,CA-QC-LV,45.6526573,-73.7578893,Berge de la Plage-Idéal
L2346790,CA,CA-QC,CA-QC-LV,45.5788974,-73.8303393,Berge de la Plage-des-Îles
L3132790,CA,CA-QC,CA-QC-LV,45.5632895,-73.8588631,Berge des Balades
L2470270,CA,CA-QC,CA-QC-LV,45.557735,-73.870976,Berge des Goélands
L2644585,CA,CA-QC,CA-QC-LV,45.6481186,-73.610216,Berge des Pinsons
L2236582,CA,CA-QC,CA-QC-LV,45.6184756,-73.786128,Berge des baigneurs
L2827422,CA,CA-QC,CA-QC-LV,45.6099443,-73.7962604,Berge du Garrot
L2775556,CA,CA-QC,CA-QC-LV,45.5544621,-73.8782823,Berge du Grand-Brochet
L1442377,CA,CA-QC,CA-QC-LV,45.5774476,-73.8420939,Berge du Grand-Héron
L2524505,CA,CA-QC,CA-QC-LV,45.6662568,-73.5708261,Berge du Vieux-Moulin
L2825883,CA,CA-QC,CA-QC-DA,46.0606932,-73.1557274,Berthier- Phare de l'Ile Dupas
L2290961,CA,CA-QC,CA-QC-BO,48.0412853,-65.465544,Bioparc de la Gaspésie
L3070466,CA,CA-QC,CA-QC-JAM,51.5311613,-79.0972281,Black Bear Point
L1484736,CA,CA-QC,CA-QC-LV,45.5405425,-73.8644314,Bois Antoine
L1440522,CA,CA-QC,CA-QC-LV,45.5475095,-73.7325988,Bois Chomedey
L1440389,CA,CA-QC,CA-QC-LV,45.6394275,-73.6977482,Bois Duvernay
L1440874,CA,CA-QC,CA-QC-LV,45.6733831,-73.6955166,Bois Ste-Marie
L1050364,CA,CA-QC,CA-QC-LV,45.6080817,-73.7558126,Bois de l'Équerre
L1073728,CA,CA-QC,CA-QC-LV,45.5574084,-73.8047361,Bois de la Pruche
L3024997,CA,CA-QC,CA-QC-LV,45.5591535,-73.8461602,Bois de la Source
L2846263,CA,CA-QC,CA-QC-VR,45.5431299,-73.206625,Bois des Bosquets
L2737152,CA,CA-QC,CA-QC-DM,45.5350024,-73.9618492,Bois des Lucioles
L1115127,CA,CA-QC,CA-QC-LV,45.6791703,-73.6586952,Bois des Rosiers
L1440386,CA,CA-QC,CA-QC-LV,45.5899572,-73.8263226,Bois des cèdres
L2703355,CA,CA-QC,CA-QC-MU,45.7593992,-73.6258328,Boisé Manoir de Mascouche
L257011,CA,CA-QC,CA-QC-QU,46.7531788,-71.33624,Boisé Marly
L1034364,CA,CA-QC,CA-QC-QU,46.756082,-71.321491,Boisé Neilson
L1121974,CA,CA-QC,CA-QC-QU,46.7837965,-71.2679458,Boisé Pavillon Casault
L2782720,CA,CA-QC,CA-QC-BH,45.3031464,-73.8850951,Boisé Robert
L820845,CA,CA-QC,CA-QC-LV,45.5410443,-73.823061,Boisé Ste-Dorothée
L2273333,CA,CA-QC,CA-QC-CP,45.4239265,-73.3901475,Boisé de Brossard
L2363203,CA,CA-QC,CA-QC-QU,46.7596134,-71.2694961,Boisé de Tequenonday
L2212556,CA,CA-QC,CA-QC-LV,45.5741193,-73.847,Boisé de l'Orée-des-Bois
L2864141,CA,CA-QC,CA-QC-MK,45.5763031,-72.8702039,Boisé de la Crête St-Dominique
L1922188,CA,CA-QC,CA-QC-SH,45.3890022,-71.9528961,Boisé de la Sauvagine
L2564633,CA,CA-QC,CA-QC-FR,46.3720076,-72.5775719,Boisé des Estacades
L2906878,CA,CA-QC,CA-QC-NY,46.2334924,-72.6135349,Boisé du Séminaire
L2407803,CA,CA-QC,CA-QC-AG,45.5790466,-74.3810463,Boisé multiressource Von Allmen
L893515,CA,CA-QC,CA-QC-HR,45.3504262,-73.1492472,CIME Haut-Richelieu
L2440320,CA,CA-QC,CA-QC-VS,45.2776044,-74.1653967,Camp Bosco
L295696,CA,CA-QC,CA-QC-CB,47.232321,-71.2230851,Camp Mercier
L808216,CA,CA-QC,CA-QC-HR,45.3596241,-73.2681656,Canal Chambly
L3036593,CA,CA-QC,CA-QC-MR,45.4044792,-73.9559848,Canal de Ste-Anne-de-Bellevue
L1145146,CA,CA-QC,CA-QC-DA,46.164413,-73.0647469,Canards Illimités Marais 3 à 5
L2296824,CA,CA-QC,CA-QC-MS,46.178886,-73.0423962,Canards Illimités Marais 7
L3083015,CA,CA-QC,CA-QC-MM,46.9872439,-70.5621386,"Canards Illimités, Marais Montmagny"
L2792754,CA,CA-QC,CA-QC-FS,48.4479226,-70.9015903,"Canards Illimités, Marais St-Fulgence"
L2811066,CA,CA-QC,CA-QC-BC,46.3336056,-72.5162598,"Canards Illimités, Marais Ste-Angèle"
L2704273,CA,CA-QC,CA-QC-IM,47.3908584,-61.7738285,Cap Alright
L3046734,CA,CA-QC,CA-QC-MR,45.5885907,-73.6527729,Centrale Rivière des Prairies (Île de la Visitation)
L2391848,CA,CA-QC,CA-QC-CP,45.4335327,-73.4319163,Centre Plein Air
L2765513,CA,CA-QC,CA-QC-SAG,48.3039004,-70.9879875,Centre Plein Air Bec-Scie
L3085855,CA,CA-QC,CA-QC-LL,46.0472287,-74.4817585,Centre Touristique et Éducatif des Laurentides
L2442552,CA,CA-QC,CA-QC-KA,47.3033661,-69.9094391,Centre coopératif plein air Ixworth
L1243298,CA,CA-QC,CA-QC-TB,45.6052383,-73.8311062,Centre d'interprétation de la nature
L1744831,CA,CA-QC,CA-QC-HY,45.4126479,-72.6885509,Centre d'interprétation de la nature du Lac-Boivin
L2470414,CA,CA-QC,CA-QC-HC,48.584349,-69.1992652,Centre d'interprétation des marais salés
L3093412,CA,CA-QC,CA-QC-HR,45.0598317,-73.1624061,Centre d'interprétation du ruisseau McFee
L2735097,CA,CA-QC,CA-QC-BC,46.328353,-72.5034553,Centre de la Biodiversité
L209013,CA,CA-QC,CA-QC-BM,45.2033165,-72.7222751,Centre de la nature de Cowansville
L2065256,CA,CA-QC,CA-QC-BM,45.2827805,-72.9591506,Centre de la nature de Farnham
L3239183,CA,CA-QC,CA-QC-LV,45.6061697,-73.6616229,Centre de la nature de Laval
L687526,CA,CA-QC,CA-QC-QU,46.8969921,-71.1780534,Centre de plein air de Beauport
L3448327,CA,CA-QC,CA-QC-QU,46.9088225,-71.2956047,Centre de ski de fond de Charlesboug
L1912221,CA,CA-QC,CA-QC-PP,46.008096,-75.091586,Centre touristique du Lac-Simon
L2788963,CA,CA-QC,CA-QC-RS,45.3420397,-73.7694329,Centre écologique Fernand-Seguin
L1024841,CA,CA-QC,CA-QC-HL,45.0475721,-74.0935993,"Ch. Gore, Hinchinbrooke"
L1912334,CA,CA-QC,CA-QC-HL,45.037676,-74.044292,"Ch. Gowan, Hinchinbrooke"
L2069521,CA,CA-QC,CA-QC-BM,45.100669,-73.0834579,"Ch. Molleur, Pike River"
L1165504,CA,CA-QC,CA-QC-VS,45.4001676,-74.2559588,"Ch. St-Guillaume, Ste-Marthe"
L864878,CA,CA-QC,CA-QC-HR,45.015029,-73.3347487,"Ch. du Bord-de-l'eau Sud, Noyan"
L669320,CA,CA-QC,CA-QC-VS,45.440953,-74.2162943,"Ch. du Fief, St-Lazare"
L1775273,CA,CA-QC,CA-QC-VS,45.3628095,-74.2846828,Champs agricoles Ch. Ste-Julie
L1516545,CA,CA-QC,CA-QC-HR,45.1890727,-73.2675219,"Champs inondés, 46e à 53e ave"
L3331158,CA,CA-QC,CA-QC-JO,46.2032904,-73.5589063,Chute Monte-à-Peine
L2830345,CA,CA-QC,CA-QC-RM,48.4376881,-68.3187089,"Chute Neigette, St-Anaclet"
L3040454,CA,CA-QC,CA-QC-MB,50.3144569,-65.2408719,Chutes Manitou
L1912152,CA,CA-QC,CA-QC-BH,45.3114558,-73.8805246,Chutes St-Louis
L1118596,CA,CA-QC,CA-QC-LV,45.5303127,-73.8687658,Cimetière Notre-Dame-de-l'Espérance
L2238525,CA,CA-QC,CA-QC-HY,45.388746,-72.7178621,Cimetière Pine Wood
L1281498,CA,CA-QC,CA-QC-LV,45.6913724,-73.6184514,Cimetière St-François-de-Sales
L2021222,CA,CA-QC,CA-QC-MR,45.4599772,-73.9213143,Cimetière Ste-Geneviève
L2217792,CA,CA-QC,CA-QC-LV,45.6434272,-73.659186,Cimetière de Laval/Mt. Pleasant
L806691,CA,CA-QC,CA-QC-MR,45.5049279,-73.6039953,Cimetières Mt-Royal & Notre-Dame-des-Neiges
L3389344,CA,CA-QC,CA-QC-JC,46.9930018,-71.2051606,Club de Golf Alpin (accès restreint hiver)
L2227716,CA,CA-QC,CA-QC-CB,46.8994399,-71.1429119,Club de Golf Royal Québec (accès restreint hiver)
L3331582,CA,CA-QC,CA-QC-IS,47.0761548,-70.3059897,Club sportif Les Appalaches
L1483541,CA,CA-QC,CA-QC-NY,46.1598231,-72.7551065,Commune de la Baie-du-Febvre
L2337197,CA,CA-QC,CA-QC-QU,46.7595069,-71.2734302,Côte Ross
L2332728,CA,CA-QC,CA-QC-LO,46.6655188,-71.8484402,Domaine Joly-De Lotbinière
L2718772,CA,CA-QC,CA-QC-LL,46.1814077,-74.5685863,Domaine St-Bernard
L1912155,CA,CA-QC,CA-QC-MR,45.4546332,-73.5529532,Domaine St-Paul
L3257407,CA,CA-QC,CA-QC-NB,46.4439194,-71.0327831,Domaine Taschereau-Parc Nature
L342893,CA,CA-QC,CA-QC-QU,46.8376522,-71.2121549,Domaine de Maizerets
L2337175,CA,CA-QC,CA-QC-OU,45.4230339,-75.7569122,Domaine de la ferme Moore
L2287963,CA,CA-QC,CA-QC-BM,45.2705316,-72.6875396,Domaine naturel du lac Gale
L1912269,CA,CA-QC,CA-QC-BH,45.2538535,-73.7997936,Domaine-de-la-Pêche-au-Saumon
L1339810,CA,CA-QC,CA-QC-HC,48.1548874,-69.6665911,Dunes
L1095004,CA,CA-QC,CA-QC-AG,45.6082735,-74.2445755,"Dépotoir, Lachute"
L3080915,CA,CA-QC,CA-QC-AL,46.5406434,-75.4792285,"Dépotoir, Mt-Laurier"
L2764071,CA,CA-QC,CA-QC-HM,47.9375,-74.6164,"Dépotoir, Parent"
L1098114,CA,CA-QC,CA-QC-RM,48.4056167,-68.5670471,"Dépotoir, Rimouski"
L3130983,CA,CA-QC,CA-QC-JAM,51.390155,-78.5354233,"Dépotoir, Waskaganish"
L16,CA,CA-QC,CA-QC-BH,45.216667,-74.116669,Eagle Crossing
L1912138,CA,CA-QC,CA-QC-VR,45.448132,-73.283404,Ecluses 1-2-3
L2705831,CA,CA-QC,CA-QC-RL,47.8105655,-68.8656607,"Eco-site, Lac Témiscouata"
L3044289,CA,CA-QC,CA-QC-LS,48.482944,-71.7942595,Embouchure Belle-Rivière
L2290955,CA,CA-QC,CA-QC-BO,48.1605894,-65.8516645,Embouchure Petite rivière Cascapédia
L3067517,CA,CA-QC,CA-QC-DR,49.2498534,-65.3226471,Embouchure Riviere Madeleine
L2752776,CA,CA-QC,CA-QC-TT,47.6802744,-68.8716259,Embouchure Rivière Cabano
L3125115,CA,CA-QC,CA-QC-TT,47.7220329,-68.912586,Embouchure Rivière Caldwell
L3067218,CA,CA-QC,CA-QC-MN,49.3089188,-67.6030397,Embouchure Rivière Godbout
L2811425,CA,CA-QC,CA-QC-DD,48.4208535,-71.9654489,Embouchure Rivière Métabetchouan
L2325058,CA,CA-QC,CA-QC-JAM,51.55552,-79.2363483,Embouchure Rivière Novide
L2324007,CA,CA-QC,CA-QC-JAM,51.4401647,-78.9772096,Embouchure Rivière Octave
L2812938,CA,CA-QC,CA-QC-BA,48.0971601,-69.2166138,Embouchure Rivière Trois-Pistoles
L3105548,CA,CA-QC,CA-QC-LS,48.5097245,-71.7764068,Embouchure Ruisseau Grandmont
L1299077,CA,CA-QC,CA-QC-RM,48.4469097,-68.5421562,"Embouchure, Rimouski"
L1002709,CA,CA-QC,CA-QC-TB,45.6249932,-73.8689804,"Erablière et champs, Boisbriand"
L3187273,CA,CA-QC,CA-QC-CG,48.8812601,-64.5530582,Estuaire Rivière Darmouth
L2960268,CA,CA-QC,CA-QC-CG,48.8210845,-64.5579815,Estuaire Rivière York
L2325898,CA,CA-QC,CA-QC-CT,45.2770306,-71.7191362,"Etang & barrage, Martinville"
L796326,CA,CA-QC,CA-QC-AS,45.7796759,-72.004652,Etang Burbank
L2830324,CA,CA-QC,CA-QC-RM,48.4364378,-68.5471172,Etang Dollard
L3012959,CA,CA-QC,CA-QC-APP,46.120529,-71.3409019,Etang Madore (accès restreint)
L2819749,CA,CA-QC,CA-QC-RN,48.3626123,-78.9998853,Etang Mireau
L2826079,CA,CA-QC,CA-QC-RM,48.4336989,-68.5467648,Etang Parent
L2957899,CA,CA-QC,CA-QC-RN,48.2162551,-79.0262461,Etang Stadacona
L2823330,CA,CA-QC,CA-QC-APP,46.0729097,-71.470871,Etang Stater
L2892344,CA,CA-QC,CA-QC-VF,45.5848699,-72.13696,Etang de Kingsbury
L1912422,CA,CA-QC,CA-QC-IM,47.3247713,-61.9463511,Etang de La Martinique
L2921290,CA,CA-QC,CA-QC-QU,46.8073123,-71.4324939,Etang de rétention Jean-Gauvin
L2900975,CA,CA-QC,CA-QC-IM,47.259754,-61.9935322,Etang des Caps
L756815,CA,CA-QC,CA-QC-IM,47.3636529,-61.9604015,Etang du Nord
L2718835,CA,CA-QC,CA-QC-MW,46.1195112,-73.6002123,"Etang du village, Ste-Marcelline"
L2806016,CA,CA-QC,CA-QC-IM,47.3578389,-61.947484,Etang à Ben
L3109858,CA,CA-QC,CA-QC-BH,45.2355409,-74.0151072,"Etang, St-Louis-de-Gonzague"
L3126707,CA,CA-QC,CA-QC-HR,45.1016293,-73.2289624,Etangs & Pont de la rivière du Sud
L1763671,CA,CA-QC,CA-QC-SH,45.3830743,-71.8587254,Etangs St-François
L1150986,CA,CA-QC,CA-QC-NY,46.1517728,-72.7312088,Etangs de la Défense
L749084,CA,CA-QC,CA-QC-MM,46.9282129,-70.7103252,"Etangs, Berthier-sur-Mer"
L775127,CA,CA-QC,CA-QC-IM,47.3938173,-61.9176579,Fatima
L1016746,CA,CA-QC,CA-QC-VR,45.4494889,-73.2766736,Fort Chambly
L2200889,CA,CA-QC,CA-QC-OU,45.4217689,-75.8251476,Forêt Boucher
L1044763,CA,CA-QC,CA-QC-DU,45.9468827,-72.5293565,Forêt Drummond
L291421,CA,CA-QC,CA-QC-CB,47.3211427,-71.1460876,Forêt Montmorency
L2605241,CA,CA-QC,CA-QC-AB,48.3305772,-78.0123711,Forêt Ornithologique Askikwaj
L2968111,CA,CA-QC,CA-QC-LO,46.5496527,-71.7781448,Forêt de la Seigneurie Joly
L3239049,CA,CA-QC,CA-QC-TB,45.6619269,-73.7896729,Forêt du Grand-Coteau
L353596,CA,CA-QC,CA-QC-FR,46.2891667,-72.69,Forêt du Moulin Seigneurial
L3311854,CA,CA-QC,CA-QC-DD,48.6762374,-72.4823213,Forêt d’enseignement et de recherche de la Chute-à-Michel
L354000,CA,CA-QC,CA-QC-BM,45.0272907,-73.0720129,George Montgomery Sanctuary
L3467011,CA,CA-QC,CA-QC-LS,48.4139697,-71.9573593,Glamping Parc Rivière Métabetchouane
L3032718,CA,CA-QC,CA-QC-RM,48.3048924,-68.4927177,Grand Lac Macpès
L890706,CA,CA-QC,CA-QC-LS,48.4645677,-71.8041086,"Grand Marais, Métabetchouan"
L725303,CA,CA-QC,CA-QC-DE,46.7824636,-71.046288,Grande plée Bleue
L2370150,CA,CA-QC,CA-QC-HC,48.2433453,-69.5437034,Grandes-Bergeronnes
L2794037,CA,CA-QC,CA-QC-IM,47.6199965,-61.5160561,Grosse-Île
L3075056,CA,CA-QC,CA-QC-BA,48.0902112,-69.2522013,Grève Leclerc
L3061965,CA,CA-QC,CA-QC-BA,48.1146912,-69.2044258,Grève Morency
L2796411,CA,CA-QC,CA-QC-NY,46.175113,-72.6673079,Halte 550
L1912439,CA,CA-QC,CA-QC-HR,45.3376654,-73.265352,Halte Cayer
L2130416,CA,CA-QC,CA-QC-NY,46.1531868,-72.696957,Halte La Bernache
L465830,CA,CA-QC,CA-QC-NY,46.1653278,-72.6792222,Halte SARCEL
L2901248,CA,CA-QC,CA-QC-AS,45.6822887,-71.8602148,Halte des Horizons
L3175759,CA,CA-QC,CA-QC-BH,45.3093401,-73.9805528,Halte des Iroquois
L1912225,CA,CA-QC,CA-QC-BH,45.235149,-74.004757,Halte des Pêcheurs
L3195146,CA,CA-QC,CA-QC-BH,45.2258208,-73.9962673,Halte des Villages
L2312887,CA,CA-QC,CA-QC-MI,48.5868335,-68.2871204,Halte marine du Gros-Ruisseau
L2530185,CA,CA-QC,CA-QC-BA,48.2205566,-69.0598676,"Halte municipale, St-Simon-sur-Mer"
L2774827,CA,CA-QC,CA-QC-CE,47.8492172,-69.8724407,"Halte municipale, St-Siméon"
L2903264,CA,CA-QC,CA-QC-MT,48.7399462,-67.8600383,"Halte routière, Baie-des-Sables"
L2790380,CA,CA-QC,CA-QC-SAG,48.4610887,-70.9877558,"Halte routière, Canton-Tremblay"
L2911080,CA,CA-QC,CA-QC-PB,48.4414581,-64.328084,"Halte routière, Cap d'Espoir"
L3159238,CA,CA-QC,CA-QC-BO,48.115703,-65.740977,"Halte routière, Caplan"
L2863265,CA,CA-QC,CA-QC-MS,46.1954162,-73.0041987,"Halte routière, Maskinongé"
L2566479,CA,CA-QC,CA-QC-VR,45.5448014,-73.2118928,"Halte routière, Otterburn Park"
L3102517,CA,CA-QC,CA-QC-NB,46.57223,-71.213614,"Halte routière, St-Lambert-de-Lauzon"
L2938335,CA,CA-QC,CA-QC-CE,47.8291875,-69.8877025,"Halte routière, St-Siméon"
L2744836,CA,CA-QC,CA-QC-MT,48.9008379,-67.3509336,"Halte routière, Ste-Félicité"
L1912151,CA,CA-QC,CA-QC-BH,45.21833,-74.1575,Hungry Bay
L2911286,CA,CA-QC,CA-QC-IM,47.5466052,-61.5192318,Ile Boudreau
L1912387,CA,CA-QC,CA-QC-IM,47.546369,-61.520177,Ile Boudreau
L1520298,CA,CA-QC,CA-QC-TB,45.6202693,-73.7961475,Ile Bélair
L2982155,CA,CA-QC,CA-QC-VR,45.4653541,-73.2903528,Ile Demers
L1280987,CA,CA-QC,CA-QC-HL,45.04055,-74.56917,Ile Dodens
L353402,CA,CA-QC,CA-QC-DA,46.0866667,-73.1441667,Ile Dupas
L165187,CA,CA-QC,CA-QC-VR,45.4766236,-73.2790661,Ile Goyer
L3070434,CA,CA-QC,CA-QC-JAM,51.28683,-78.92731,Ile Lavoie
L1194295,CA,CA-QC,CA-QC-LV,45.6059318,-73.8144779,Ile Locas
L1163496,CA,CA-QC,CA-QC-SH,45.3814519,-71.8624306,Ile Marie
L1442386,CA,CA-QC,CA-QC-LV,45.6857364,-73.5423088,Ile Migneron
L803462,CA,CA-QC,CA-QC-LV,45.5195338,-73.8488102,Ile Pariseau
L2090520,CA,CA-QC,CA-QC-LV,45.523446,-73.7488119,Ile Paton
L2696993,CA,CA-QC,CA-QC-MR,45.5472529,-73.6983077,Ile Perry
L1912385,CA,CA-QC,CA-QC-IM,47.408487,-61.844594,Ile Rouge
L3054831,CA,CA-QC,CA-QC-RM,48.4769821,-68.5570049,Ile St-Barnabé
L1162335,CA,CA-QC,CA-QC-DA,46.0857037,-73.0847025,Ile St-Ignace
L729855,CA,CA-QC,CA-QC-FR,46.3537111,-72.5285511,Ile St-Quentin
L2775904,CA,CA-QC,CA-QC-VR,45.3851202,-73.2554787,Ile Ste-Marie
L466634,CA,CA-QC,CA-QC-HR,45.3684889,-73.2559776,Ile Ste-Thérèse (cté Le Haut-Richelieu)
L1008858,CA,CA-QC,CA-QC-LJ,45.683158,-73.4676361,Ile Ste-Thérèse (cté Marguerite-d'Youville)
L2826254,CA,CA-QC,CA-QC-JO,45.9920662,-73.4157085,Ile Vessot
L294025,CA,CA-QC,CA-QC-BA,48.14222,-69.25,Ile aux Basques
L1912373,CA,CA-QC,CA-QC-VR,45.473835,-73.287351,Ile aux Foins
L2843534,CA,CA-QC,CA-QC-IM,47.3594524,-61.9691885,Ile aux Goélands
L1104919,CA,CA-QC,CA-QC-MR,45.4250915,-73.5779071,Ile aux Hérons
L1912367,CA,CA-QC,CA-QC-KA,47.84722,-69.73444,Ile aux Lièvres
L756857,CA,CA-QC,CA-QC-IM,47.2755022,-61.6964722,Ile d'Entrée
L3011193,CA,CA-QC,CA-QC-BR,46.0943052,-73.0389118,Ile de Grâce
L3485085,CA,CA-QC,CA-QC-TB,45.6083336,-73.8271809,Ile de Mai
L164930,CA,CA-QC,CA-QC-MR,45.4617109,-73.5463858,Ile des Soeurs
L1912411,CA,CA-QC,CA-QC-IM,47.56194,-61.55778,Ile du Chenal
L631605,CA,CA-QC,CA-QC-MG,45.2672907,-72.0605385,Ile du Marais
L727101,CA,CA-QC,CA-QC-MM,47.087423,-70.5593491,Ile-au-Canot
L3397452,CA,CA-QC,CA-QC-VR,45.4714475,-73.2911682,Ile-aux-Lièvres (cté Vallée-du-Richelieu)
L2200763,CA,CA-QC,CA-QC-PN,45.7266075,-76.6673149,Ile-du-Grand-Calumet
L721911,CA,CA-QC,CA-QC-DA,46.066624,-73.168985,Iles de la Commune et du Mitan
L1912368,CA,CA-QC,CA-QC-KA,47.86917,-69.69361,Iles du Pot à l'Eau-de-Vie
L2970924,CA,CA-QC,CA-QC-VS,45.267487,-74.1798699,Iles du pont Mgr-Langlois
L2103096,CA,CA-QC,CA-QC-RL,48.028509,-69.4332504,Isle Verte
L3297221,CA,CA-QC,CA-QC-PN,45.8567198,-77.0394287,Isle-aux-Allumettes
L426059,CA,CA-QC,CA-QC-CV,47.4039264,-70.3801346,Isle-aux-Coudres
L2169782,CA,CA-QC,CA-QC-MM,47.0607675,-70.5387497,Isle-aux-Grues
L2856625,CA,CA-QC,CA-QC-QU,46.7764778,-71.2810993,Jardin botanique Roger-Van den Hende
L165056,CA,CA-QC,CA-QC-MR,45.5596562,-73.5626078,Jardin botanique de Montréal (accès restreint)
L956366,CA,CA-QC,CA-QC-MI,48.6298454,-68.126564,Jardins de Métis
L962442,CA,CA-QC,CA-QC-VS,45.4299613,-74.0649748,L'Anse-Vaudreuil
L2145910,CA,CA-QC,CA-QC-HY,45.3990527,-72.6785946,"L'Estriade, km 2.5 à 4"
L717990,CA,CA-QC,CA-QC-QU,46.8899383,-71.1480188,La Chute de Montmorency
L956435,CA,CA-QC,CA-QC-CG,48.7770078,-64.3826294,La Commune-de-Douglastown
L3094030,CA,CA-QC,CA-QC-VS,45.3788595,-73.8924551,La Grande Anse
L1172399,CA,CA-QC,CA-QC-LJ,45.6576794,-73.4603426,La Grande Île
L986143,CA,CA-QC,CA-QC-IM,47.21916,-61.8362045,La Grave
L2101474,CA,CA-QC,CA-QC-BC,46.3704209,-72.4416049,La Petite-Floride
L2777869,CA,CA-QC,CA-QC-MW,46.3251561,-74.2399406,Lac Archambault
L2859323,CA,CA-QC,CA-QC-AB,48.5741999,-78.2304668,Lac Beauchamp
L2898255,CA,CA-QC,CA-QC-HC,48.2832294,-69.5381355,Lac Beaulieu
L3150732,CA,CA-QC,CA-QC-RD,45.8358561,-73.9657009,Lac Bellevue
L2760462,CA,CA-QC,CA-QC-VO,48.1513388,-77.7687836,Lac Blouin
L421834,CA,CA-QC,CA-QC-BM,45.2480155,-72.5123405,Lac Brome
L2920335,CA,CA-QC,CA-QC-JAM,49.787844,-74.8370647,Lac Campbell
L2870290,CA,CA-QC,CA-QC-MP,48.4494906,-67.4505615,Lac Castonguay
L208579,CA,CA-QC,CA-QC-HR,45.0724532,-73.1524575,Lac Champlain (secteur Nord)
L2841891,CA,CA-QC,CA-QC-VO,48.1553163,-77.6543927,Lac Colombière
L2876606,CA,CA-QC,CA-QC-RN,47.9417906,-79.2583752,Lac Desandrouins
L3073908,CA,CA-QC,CA-QC-AB,48.5564252,-78.2290596,Lac Dudemaine
L3450021,CA,CA-QC,CA-QC-LL,46.1419909,-74.640255,Lac Duhamel
L2809524,CA,CA-QC,CA-QC-CT,45.1296107,-71.6719937,Lac Duquette
L2909695,CA,CA-QC,CA-QC-MW,46.2975286,-73.9956665,Lac Georges
L2733261,CA,CA-QC,CA-QC-LL,46.1416763,-74.3768148,Lac Godon
L1912211,CA,CA-QC,CA-QC-LL,46.16355,-74.54718,Lac Héron
L2200971,CA,CA-QC,CA-QC-PP,45.7283523,-75.3148842,Lac La Blanche
L2882420,CA,CA-QC,CA-QC-OU,45.4512142,-75.7230091,Lac Leamy
L3127695,CA,CA-QC,CA-QC-CO,45.6891025,-76.0094605,Lac Mahon
L2414416,CA,CA-QC,CA-QC-DA,46.3708355,-73.3241272,Lac Mandeville
L2085189,CA,CA-QC,CA-QC-DA,46.3182209,-73.3902057,Lac Maskinongé
L734393,CA,CA-QC,CA-QC-IS,47.1123129,-70.0065994,Lac Noir
L3446903,CA,CA-QC,CA-QC-AL,46.4366502,-74.985466,Lac Nominingue
L2836387,CA,CA-QC,CA-QC-RN,48.2388945,-79.0375543,Lac Noranda
L2763848,CA,CA-QC,CA-QC-RN,48.2451569,-78.9965487,Lac Osisko
L3134947,CA,CA-QC,CA-QC-MW,46.2879351,-74.1493893,Lac Ouareau
L2815878,CA,CA-QC,CA-QC-RN,48.1876978,-79.2786312,Lac Renault
L2940694,CA,CA-QC,CA-QC-HY,45.4663359,-72.6572227,Lac Roxton
L938786,CA,CA-QC,CA-QC-HC,49.2050373,-69.7882462,Lac Saindon
L1021110,CA,CA-QC,CA-QC-BM,45.096374,-72.7963397,Lac Selby
L3332677,CA,CA-QC,CA-QC-LL,46.2272342,-74.3846512,"Lac Simon, St-Donat"
L2665380,CA,CA-QC,CA-QC-MW,46.4141714,-73.7821412,Lac St-Charles (Cté Matawinie)
L1172551,CA,CA-QC,CA-QC-QU,46.95,-71.39,Lac St-Charles (Cté Québec)
L3177986,CA,CA-QC,CA-QC-AS,45.6451282,-71.8825579,Lac St-Georges
L3168761,CA,CA-QC,CA-QC-LL,46.2098615,-74.4734001,Lac Supérieur
L2831717,CA,CA-QC,CA-QC-LL,46.2102449,-74.5916802,"Lac Tremblant, Mt-Tremblant"
L3104935,CA,CA-QC,CA-QC-HY,45.3341561,-72.5192928,Lac Waterloo
L2942521,CA,CA-QC,CA-QC-KA,47.433,-69.6045685,Lac aux Loutres
L2220976,CA,CA-QC,CA-QC-PP,45.9529399,-75.698204,Lac aux Provisions
L2726528,CA,CA-QC,CA-QC-HC,48.1456673,-69.7253323,Lac de l'Anse à l'Eau
L3250561,CA,CA-QC,CA-QC-LL,46.111941,-74.8992491,Lac de la Sucrerie
L909348,CA,CA-QC,CA-QC-SH,45.3942913,-71.914959,Lac des Nations
L3096793,CA,CA-QC,CA-QC-RC,46.1034752,-70.8478904,Lac du Castor
L2896551,CA,CA-QC,CA-QC-RN,48.2331348,-79.0190363,Lac Édouard
L3107164,CA,CA-QC,CA-QC-LL,46.1768357,-74.4905663,Lac Équerre
L2750034,CA,CA-QC,CA-QC-RM,48.3633647,-68.5181665,Lac à Linda
L2616081,CA,CA-QC,CA-QC-MW,46.1041973,-73.7223902,Lac à Shields
L2892947,CA,CA-QC,CA-QC-RM,48.420507,-68.4275293,Lac à l'Anguille
L2171045,CA,CA-QC,CA-QC-BO,48.0640849,-65.1454926,"Le Barachois, Hope Town"
L2589831,CA,CA-QC,CA-QC-SAG,48.4453982,-71.1746693,Les Sentiers du Saguenay
L2453344,CA,CA-QC,CA-QC-VS,45.2872368,-74.1755891,Lieu historique national de Coteau-du-Lac National Historical Site
L368531,CA,CA-QC,CA-QC-FR,46.3949168,-72.6610851,Lieu historique national des Forges-du-St-Maurice National Historic Site
L2525903,CA,CA-QC,CA-QC-TM,47.2894182,-79.4596267,Lieu historique national du Fort-Témiscamingue National Historic Site
L3057531,CA,CA-QC,CA-QC-QU,46.8137109,-71.2040985,Lieu historique national du Parc-Montmorency Park National Historic Site
L610536,CA,CA-QC,CA-QC-GSL,51.4087364,-57.1757698,"Littoral, Lourdes-de-Blanc-Sablon"
L2725453,CA,CA-QC,CA-QC-BR,46.080893,-72.9636276,Maison du marais
L2930483,CA,CA-QC,CA-QC-AO,48.6079155,-79.4740248,Marais Antoine
L2844525,CA,CA-QC,CA-QC-TB,45.6199958,-73.8012815,Marais Bouthillier
L2917754,CA,CA-QC,CA-QC-MG,45.1367993,-72.2369689,Marais Inverugie
L2892244,CA,CA-QC,CA-QC-AB,48.2984977,-78.1428337,Marais Kergus
L2200862,CA,CA-QC,CA-QC-OU,45.3831248,-75.8174443,Marais Lamoureux
L258156,CA,CA-QC,CA-QC-PR,46.7166099,-71.5417671,Marais Léon-Provancher
L2949797,CA,CA-QC,CA-QC-AO,48.7213072,-79.3802977,Marais Maine
L1776291,CA,CA-QC,CA-QC-SH,45.3607358,-71.8399753,Marais Peter Curry
L2134161,CA,CA-QC,CA-QC-BM,45.2539843,-72.485218,Marais Quilliams
L925503,CA,CA-QC,CA-QC-SH,45.4191783,-71.8995094,Marais Réal D.-Carbonneau
L2337137,CA,CA-QC,CA-QC-OU,45.4708855,-75.7419716,Marais Sabourin
L2974896,CA,CA-QC,CA-QC-RN,48.3083637,-79.0437555,Marais Sergus
L3158575,CA,CA-QC,CA-QC-FR,46.2827185,-72.6544762,Marais St-Eugène
L3102591,CA,CA-QC,CA-QC-NB,46.547391,-71.153393,Marais St-Isidore
L3013099,CA,CA-QC,CA-QC-DD,48.7339459,-72.4099445,Marais Ticouapé
L2200989,CA,CA-QC,CA-QC-OU,45.5143452,-75.506243,Marais aux grenouillettes
L3130955,CA,CA-QC,CA-QC-JAM,51.459569,-78.7953186,"Marais cotier, Waskaganish"
L476432,CA,CA-QC,CA-QC-BH,45.2750337,-73.953242,Marais de St-Timothée
L2129432,CA,CA-QC,CA-QC-MG,45.2822532,-72.1791558,Marais de la Rivière aux Cerises
L1912330,CA,CA-QC,CA-QC-CB,47.054827,-70.816591,Marais des Graves
L739389,CA,CA-QC,CA-QC-OU,45.5052884,-75.5298444,Marais des Laîches
L2997454,CA,CA-QC,CA-QC-SAG,48.4814547,-71.2080789,Marais des Sauvaginiers
L2283576,CA,CA-QC,CA-QC-BM,45.314374,-72.7228832,"Marais du parc industriel, Bromont"
L3070515,CA,CA-QC,CA-QC-JAM,51.5960302,-79.2527103,"Marais nord, Cabbage Willow"
L3107438,CA,CA-QC,CA-QC-MS,46.2788295,-72.8568542,"Marais, Chemin des Petites Terres"
L888570,CA,CA-QC,CA-QC-SAG,48.4146186,-70.8947754,"Marais, Chicoutimi"
L2804360,CA,CA-QC,CA-QC-BH,45.2629261,-73.932023,"Marais, St-Étienne-de-Beauharnois"
L2442671,CA,CA-QC,CA-QC-DE,46.74278,-71.2765074,Marina de La Chaudière
L896728,CA,CA-QC,CA-QC-LV,45.5238035,-73.8831532,Marina du Parc des Chênes
L2744889,CA,CA-QC,CA-QC-MT,48.853435,-67.5315857,Marina du Vieux-Port
L3098538,CA,CA-QC,CA-QC-MM,46.9351422,-70.7357097,"Marina, Berthier-sur-Mer"
L2969614,CA,CA-QC,CA-QC-LJ,45.8582316,-73.240394,"Marina, Contrecoeur"
L2759723,CA,CA-QC,CA-QC-NY,46.2457215,-72.6507854,"Marina, Nicolet"
L2853487,CA,CA-QC,CA-QC-SR,50.2030941,-66.3862717,"Marina, Sept-Iles"
L2067283,CA,CA-QC,CA-QC-HR,45.1983789,-73.2491963,"Marina, Ste-Anne-de-Sabrevois"
L1159068,CA,CA-QC,CA-QC-AV,48.1019289,-66.3464355,Miguasha-Ouest
L2862768,CA,CA-QC,CA-QC-AS,45.7803291,-71.6424787,Mont Ham
L1203805,CA,CA-QC,CA-QC-VS,45.441885,-74.2999819,"Montagne, Rigaud"
L916036,CA,CA-QC,CA-QC-HL,45.0884902,-74.2163372,"Montée Biggar, Godmanchester"
L2347322,CA,CA-QC,CA-QC-VS,45.3513259,-74.1616795,"Montée Chénier, St-Lazare"
L1912333,CA,CA-QC,CA-QC-HL,44.9985423,-74.1748676,"Montée Jamieson, Elgin"
L894932,CA,CA-QC,CA-QC-HL,45.0643975,-74.2379022,"Montée Smellie, Godmanchester"
L2959188,CA,CA-QC,CA-QC-MK,45.4792981,-73.0535889,Mt Rougemont
L2109741,CA,CA-QC,CA-QC-RV,45.4586858,-72.8647614,Mt Yamaska
L803419,CA,CA-QC,CA-QC-PB,48.5267234,-64.2436695,Mt-Blanc
L2215380,CA,CA-QC,CA-QC-MG,45.2355291,-72.4009212,Mt-Foster
L2330454,CA,CA-QC,CA-QC-GR,45.2939695,-70.8832741,Mt-Gosford
L2925621,CA,CA-QC,CA-QC-CT,45.1036609,-71.6128135,Mt-Hereford--Ch. Centennial Drive
L2878135,CA,CA-QC,CA-QC-CT,45.0702844,-71.6293144,Mt-Hereford--Sentier Neil-Tillotson (secteur East-Hereford)
L2925620,CA,CA-QC,CA-QC-CT,45.069991,-71.6290998,Mt-Hereford--Sentier Neil-Tillotson (secteur St-Herménégilde)
L2146313,CA,CA-QC,CA-QC-HY,45.3613127,-72.6096725,Mt-Shefford
L2326985,CA,CA-QC,CA-QC-AV,48.1412144,-66.1090036,Mt-St-Joseph
L803421,CA,CA-QC,CA-QC-PB,48.5203566,-64.2344856,Mt-Ste-Anne
L2597324,CA,CA-QC,CA-QC-QU,46.878499,-71.2223911,Mélézin
L2758968,CA,CA-QC,CA-QC-QU,46.8935162,-71.2276268,Mélézin Ste-Thérèse
L366079,CA,CA-QC,CA-QC-MR,45.4297806,-73.9387393,Observatoire d'oiseaux McGill (accès restreint)
L17,CA,CA-QC,CA-QC-HC,48.1593012,-69.6631908,Observatoire d'oiseaux de Tadoussac
L756829,CA,CA-QC,CA-QC-IM,47.5703878,-61.4686775,Old Harry
L993222,CA,CA-QC,CA-QC-MB,50.2289327,-63.1624013,PN Archipel-de-Mingan NP
L1381856,CA,CA-QC,CA-QC-MB,50.2862386,-62.8094172,PN Archipel-de-Mingan NP--Baie Johan-Beetz
L3179447,CA,CA-QC,CA-QC-MB,50.2184356,-63.8893604,PN Archipel-de-Mingan NP--Grande Île
L2995854,CA,CA-QC,CA-QC-MB,50.2119996,-63.7506924,PN Archipel-de-Mingan NP--Île Niapiskau
L2995257,CA,CA-QC,CA-QC-MB,50.2113801,-64.1252232,PN Archipel-de-Mingan NP--Île Nue de Mingan
L2995857,CA,CA-QC,CA-QC-MB,50.2122194,-63.8197346,PN Archipel-de-Mingan NP--Île Quarry
L2995251,CA,CA-QC,CA-QC-MB,50.2206197,-64.2061186,PN Archipel-de-Mingan NP--Île aux Perroquets
L2998668,CA,CA-QC,CA-QC-MB,50.2291707,-63.6815789,PN Archipel-de-Mingan NP--Île du Fantôme
L794938,CA,CA-QC,CA-QC-CG,48.9193409,-64.3932724,PN Forillon NP
L3187420,CA,CA-QC,CA-QC-CG,48.7803986,-64.2120731,PN Forillon NP--Anse St-Georges
L1757699,CA,CA-QC,CA-QC-CG,48.8087157,-64.2557288,PN Forillon NP--Camping Petit-Gaspé
L295791,CA,CA-QC,CA-QC-CG,48.8085918,-64.2225717,PN Forillon NP--Cap-Bon-Ami
L3042544,CA,CA-QC,CA-QC-CG,48.7506431,-64.1627312,PN Forillon NP--Cap-Gaspé
L2343545,CA,CA-QC,CA-QC-CG,48.7700675,-64.1967575,PN Forillon NP--L'Anse-aux-Amérindiens
L797205,CA,CA-QC,CA-QC-CG,48.8387394,-64.213382,PN Forillon NP--Le Havre
L956494,CA,CA-QC,CA-QC-CG,48.8510489,-64.4361019,PN Forillon NP--Penouille
L1617594,CA,CA-QC,CA-QC-CG,48.8416112,-64.2402517,PN Forillon NP--Sentier Le Castor
L2786076,CA,CA-QC,CA-QC-CM,46.750859,-72.7925777,PN La Mauricie NP--Baie La Pêche
L3117798,CA,CA-QC,CA-QC-CM,46.6591836,-73.012948,PN La Mauricie NP--Esker
L3120772,CA,CA-QC,CA-QC-CM,46.8114109,-73.1232834,PN La Mauricie NP--Lac Anticagamac
L2708663,CA,CA-QC,CA-QC-CM,46.7620551,-72.841115,PN La Mauricie NP--Lac Bouchard
L2703569,CA,CA-QC,CA-QC-CM,46.7228464,-72.8416068,PN La Mauricie NP--Lac Isaïe
L366574,CA,CA-QC,CA-QC-CM,46.7193282,-72.8961754,PN La Mauricie NP--Lac Marie
L721878,CA,CA-QC,CA-QC-ME,47.0855529,-73.2561493,PN La Mauricie NP--Lac Normand
L2590122,CA,CA-QC,CA-QC-CM,46.7505739,-72.8293991,PN La Mauricie NP--Lac Solitaire
L2480021,CA,CA-QC,CA-QC-CM,46.7468957,-73.0464649,PN La Mauricie NP--Lac Wapizagonke
L451965,CA,CA-QC,CA-QC-CM,46.7660295,-72.9190063,PN La Mauricie NP--Lac Édouard
L366577,CA,CA-QC,CA-QC-CM,46.6736111,-72.8616667,PN La Mauricie NP--Lac à la Pêche
L472454,CA,CA-QC,CA-QC-CM,46.7544462,-72.7969551,PN La Mauricie NP--Mekinac
L2501305,CA,CA-QC,CA-QC-CM,46.7214309,-72.8261375,PN La Mauricie NP--Sentier Français
L3117794,CA,CA-QC,CA-QC-CM,46.7086148,-73.0336118,PN La Mauricie NP--Vide Bouteille
L732370,CA,CA-QC,CA-QC-CM,46.7777279,-72.9722214,PN La Mauricie NP--zone générale
L2200993,CA,CA-QC,CA-QC-RN,48.5,-78.75,PN d'Aiguebelle
L2967870,CA,CA-QC,CA-QC-RN,48.4307772,-78.6675596,PN d'Aiguebelle--Centre de services Mont-Brun
L2968133,CA,CA-QC,CA-QC-RN,48.4713627,-78.7011623,PN d'Aiguebelle--Lac La Haie
L1624699,CA,CA-QC,CA-QC-DM,45.4822572,-73.995312,PN d'Oka--La Grande Baie
L2756962,CA,CA-QC,CA-QC-DM,45.4882079,-74.0081763,PN d'Oka--Sentier de la Grande-Baie
L2703366,CA,CA-QC,CA-QC-DM,45.4625989,-74.0593529,PN d'Oka--plage ouest
L598559,CA,CA-QC,CA-QC-DM,45.4687991,-74.0365219,PN d'Oka--zone générale
L760497,CA,CA-QC,CA-QC-APP,45.9620358,-71.1629105,PN de Frontenac--Secteur St-Daniel
L930309,CA,CA-QC,CA-QC-GR,45.7454853,-71.1646271,PN de Frontenac--secteur Sud
L1912231,CA,CA-QC,CA-QC-GR,45.8173034,-71.2014914,PN de Frontenac--zone générale
L1795752,CA,CA-QC,CA-QC-PP,45.5952853,-75.1697514,PN de Plaisance--Baie Noire (Est & Ouest)
L1439990,CA,CA-QC,CA-QC-PP,45.5913753,-75.229214,PN de Plaisance--Marais Perras
L2200806,CA,CA-QC,CA-QC-PP,45.5967913,-75.0927215,PN de Plaisance--Presqu'îles (Grande & Petite)
L454600,CA,CA-QC,CA-QC-PP,45.5963777,-75.1025605,PN de Plaisance--Rivière des Outaouais
L3189791,CA,CA-QC,CA-QC-PP,45.5930414,-75.0976199,PN de Plaisance--Sentier E.-Lalande
L2823940,CA,CA-QC,CA-QC-PP,45.6036591,-75.1040411,PN de Plaisance--Tête de la Baie
L2145150,CA,CA-QC,CA-QC-PP,45.6006057,-75.0858823,PN de Plaisance--zone générale
L295795,CA,CA-QC,CA-QC-PB,48.4901476,-64.159543,PN de l'Île-Bonaventure-et-du-Rocher-Percé
L3317519,CA,CA-QC,CA-QC-DR,48.9237547,-66.3287716,PN de la Gaspésie--Lac Cascapédia
L343760,CA,CA-QC,CA-QC-DR,48.92139,-66.19556,PN de la Gaspésie--Mont Albert
L1440767,CA,CA-QC,CA-QC-DR,48.9506294,-66.4491014,PN de la Gaspésie--Mont Arthur-Allen
L2876633,CA,CA-QC,CA-QC-DR,48.9555827,-66.0345268,PN de la Gaspésie--Secteur Lac aux Américains
L3467603,CA,CA-QC,CA-QC-DR,48.9304714,-66.2900877,PN de la Gaspésie--Secteur Mont Ells
L3467916,CA,CA-QC,CA-QC-DR,48.9960542,-65.9411216,PN de la Gaspésie--Secteur Mont Jacques-Cartier
L3162708,CA,CA-QC,CA-QC-DR,48.96441,-66.0116,PN de la Gaspésie--Sentier du Mont Xalibu
L3026730,CA,CA-QC,CA-QC-DR,48.9253439,-66.0638809,PN de la Gaspésie--Sentier du Mt Ernest-Laforce
L617638,CA,CA-QC,CA-QC-DR,48.9463,-66.1197,PN de la Gaspésie--zone générale
L1171729,CA,CA-QC,CA-QC-CB,47.3202986,-71.3484013,PN de la Jacques-Cartier
L3029842,CA,CA-QC,CA-QC-JC,47.1822232,-71.3790321,PN de la Jacques-Cartier--Sentier Les Cascades
L779941,CA,CA-QC,CA-QC-JC,47.1394097,-71.3675308,PN de la Jacques-Cartier--Sentier de l'Éperon
L2739313,CA,CA-QC,CA-QC-JC,47.1094167,-71.3604337,PN de la Jacques-Cartier--Sentier de la Rivière Cachée
L2998254,CA,CA-QC,CA-QC-LS,48.7000055,-71.9666669,PN de la Pointe-Taillon
L459772,CA,CA-QC,CA-QC-HY,45.4174764,-72.6095653,PN de la Yamaska
L2790709,CA,CA-QC,CA-QC-HY,45.432461,-72.6189637,PN de la Yamaska--barrage secondaire
L615577,CA,CA-QC,CA-QC-CV,47.690468,-70.8755493,PN des Grands-Jardins
L2222022,CA,CA-QC,CA-QC-CV,47.6942121,-70.8034889,PN des Grands-Jardins--Lac Carré
L3029874,CA,CA-QC,CA-QC-CV,47.6385124,-70.7744622,PN des Grands-Jardins--Lac Pemmican
L3067772,CA,CA-QC,CA-QC-CV,47.8760589,-70.7795906,PN des Grands-Jardins--Lac à la Cruche
L3041448,CA,CA-QC,CA-QC-CV,47.6444636,-70.8927262,PN des Grands-Jardins--Sentier La Chute
L2351088,CA,CA-QC,CA-QC-CV,47.683939,-70.6130362,PN des Grands-Jardins--Sentier le Pioui
L3067791,CA,CA-QC,CA-QC-CV,47.6544035,-70.6280994,PN des Grands-Jardins--secteur Pied-des-Monts
L2259658,CA,CA-QC,CA-QC-CE,47.8542935,-70.4282942,PN des Hautes-Gorges-de-la-Rivière-Malbaie
L1639206,CA,CA-QC,CA-QC-FS,48.6008315,-70.8462028,PN des Monts-Valin--zone générale
L319957,CA,CA-QC,CA-QC-CP,45.6179937,-73.4730019,PN des Îles-de-Boucherville
L1353114,CA,CA-QC,CA-QC-RM,48.3111758,-68.8687869,PN du Bic--Belvédère Raoul-Roy
L3041504,CA,CA-QC,CA-QC-RM,48.328793,-68.8345814,PN du Bic--Le Pic Champlain
L2282074,CA,CA-QC,CA-QC-RM,48.3570253,-68.7974055,PN du Bic--Secteur La Ferme-Rioux
L3121453,CA,CA-QC,CA-QC-RM,48.3630927,-68.7616253,PN du Bic--Secteur Les Anses
L3445571,CA,CA-QC,CA-QC-RM,48.3560637,-68.7577522,PN du Bic--Sentier de la Citadelle
L2363227,CA,CA-QC,CA-QC-RM,48.3752893,-68.7108536,PN du Bic--embouchure Rivière du Bic
L2098058,CA,CA-QC,CA-QC-RM,48.3727293,-68.7236881,PN du Bic--marina Havre-du-Bic
L327992,CA,CA-QC,CA-QC-RM,48.3546124,-68.8032103,PN du Bic--zone générale
L3054851,CA,CA-QC,CA-QC-TT,47.7655167,-68.7657022,PN du Lac-Témiscouata -- Secteur Les Iles
L2976643,CA,CA-QC,CA-QC-TT,47.67422,-68.79568,PN du Lac-Témiscouata--Entrée St-Juste
L3119670,CA,CA-QC,CA-QC-TT,47.7175337,-68.7796326,PN du Lac-Témiscouata--Jardin des Mémoires
L2619375,CA,CA-QC,CA-QC-TT,47.7037644,-68.8673,PN du Lac-Témiscouata--Montagne du Fourneau
L3053528,CA,CA-QC,CA-QC-TT,47.787718,-68.7535143,PN du Lac-Témiscouata--Petit lac Touladi
L2842243,CA,CA-QC,CA-QC-TT,47.7655103,-68.8807282,PN du Lac-Témiscouata--Pointe au Sable
L2976554,CA,CA-QC,CA-QC-TT,47.6953386,-68.8431215,PN du Lac-Témiscouata--Secteur Anse-à-William
L2930228,CA,CA-QC,CA-QC-TT,47.5972842,-68.6580534,PN du Lac-Témiscouata--Secteur Le Montagnais
L2313151,CA,CA-QC,CA-QC-TT,47.7430174,-68.807373,PN du Lac-Témiscouata--zone générale
L2329306,CA,CA-QC,CA-QC-HF,45.4795124,-71.210804,PN du Mt-Mégantic--Secteur Franceville
L2218173,CA,CA-QC,CA-QC-HF,45.4556374,-71.153512,PN du Mt-Mégantic--sommet du Mt-Mégantic
L767548,CA,CA-QC,CA-QC-GR,45.4262267,-71.1255741,PN du Mt-Mégantic--zone générale
L687037,CA,CA-QC,CA-QC-MG,45.3470784,-72.193222,PN du Mt-Orford
L319959,CA,CA-QC,CA-QC-CP,45.549761,-73.3168573,PN du Mt-St-Bruno
L2988446,CA,CA-QC,CA-QC-CP,45.5396257,-73.2982278,PN du Mt-St-Bruno--entrée St-Basile-le-Grand
L2983523,CA,CA-QC,CA-QC-MW,46.3935873,-73.9133663,PN du Mt-Tremblant--Centre d'accueil St-Côme
L604411,CA,CA-QC,CA-QC-LL,46.3695556,-74.5168056,PN du Mt-Tremblant--Chutes Croches
L2908913,CA,CA-QC,CA-QC-LL,46.2819164,-74.5335406,PN du Mt-Tremblant--La Sablonnière
L2671474,CA,CA-QC,CA-QC-LL,46.3097433,-74.5194054,PN du Mt-Tremblant--Lac Chat
L2909128,CA,CA-QC,CA-QC-LL,46.4245277,-74.4723993,PN du Mt-Tremblant--Lac Escalier
L3048870,CA,CA-QC,CA-QC-MW,46.526434,-74.2053509,PN du Mt-Tremblant--Lac Forbes (lac des Cyprès)
L2916574,CA,CA-QC,CA-QC-LL,46.3498899,-74.5126247,PN du Mt-Tremblant--Lac Lauzon
L604429,CA,CA-QC,CA-QC-LL,46.3358333,-74.5005556,PN du Mt-Tremblant--Lac Monroe
L2709280,CA,CA-QC,CA-QC-LL,46.3218838,-74.466877,PN du Mt-Tremblant--Lac Poisson
L3041171,CA,CA-QC,CA-QC-MW,46.4015468,-74.2658615,PN du Mt-Tremblant--Lac Provost
L2961528,CA,CA-QC,CA-QC-MW,46.4311539,-74.3093562,PN du Mt-Tremblant--Lac aux Rats
L2617248,CA,CA-QC,CA-QC-MW,46.4605895,-74.05304,PN du Mt-Tremblant--Lac de l'Assomption
L2961540,CA,CA-QC,CA-QC-MW,46.4231743,-74.4077396,PN du Mt-Tremblant--Lac des Sables
L2721507,CA,CA-QC,CA-QC-LL,46.3331793,-74.5491457,PN du Mt-Tremblant--Lac à l'Ours
L2841696,CA,CA-QC,CA-QC-LL,46.3193526,-74.4983661,PN du Mt-Tremblant--Lac-des-Femmes
L2965535,CA,CA-QC,CA-QC-LL,46.4043853,-74.510479,PN du Mt-Tremblant--Secteur La Diable
L2965559,CA,CA-QC,CA-QC-MW,46.4378322,-74.2736721,PN du Mt-Tremblant--Secteur La Pimbina
L2917135,CA,CA-QC,CA-QC-LL,46.2858789,-74.4665551,PN du Mt-Tremblant--Secteur Le Boulé
L2883866,CA,CA-QC,CA-QC-MW,46.4510399,-74.03193,PN du Mt-Tremblant--Secteur l'Assomption
L3045003,CA,CA-QC,CA-QC-LL,46.2641365,-74.4942892,PN du Mt-Tremblant--Sentier Le Centenaire
L3157775,CA,CA-QC,CA-QC-LL,46.3128345,-74.5186758,PN du Mt-Tremblant--Sentier Le Lac-aux-Atocas
L2961462,CA,CA-QC,CA-QC-MW,46.4032045,-74.2745626,PN du Mt-Tremblant--Sentier de l'Envol
L3335256,CA,CA-QC,CA-QC-LL,46.2178933,-74.5681572,PN du Mt-Tremblant--secteur Tremblant
L1912265,CA,CA-QC,CA-QC-MW,46.4444503,-74.3430669,PN du Mt-Tremblant--zone générale
L615574,CA,CA-QC,CA-QC-FS,48.2802799,-70.3041744,PN du Saguenay--Lac Travers
L778567,CA,CA-QC,CA-QC-HC,48.264684,-69.9451447,PN du Saguenay--Rivière Ste-Marguerite
L2362295,CA,CA-QC,CA-QC-SH,45.4002088,-71.9436479,Parc Albany-Charest
L2966745,CA,CA-QC,CA-QC-RS,45.3997895,-73.528018,Parc André J. Côté
L1002733,CA,CA-QC,CA-QC-SH,45.3996026,-71.9241107,Parc André Viger
L2468319,CA,CA-QC,CA-QC-MR,45.4445136,-73.6017311,Parc Angrignon
L384451,CA,CA-QC,CA-QC-FR,46.28167,-72.66222,Parc Antoine-Gauthier
L2295967,CA,CA-QC,CA-QC-QU,46.7515295,-71.2888642,Parc Aquarium
L2848621,CA,CA-QC,CA-QC-MU,45.6999499,-73.5638952,Parc Aristide-Laurier
L3127321,CA,CA-QC,CA-QC-CP,45.5991311,-73.4230363,Parc Arthur-Dumouchel
L3141281,CA,CA-QC,CA-QC-MR,45.4666447,-73.5608912,Parc Arthur-Therrien
L1763929,CA,CA-QC,CA-QC-SH,45.3762562,-71.8542582,Parc Atto-Beaver
L2290070,CA,CA-QC,CA-QC-RM,48.4342121,-68.5415554,Parc Beauséjour
L2935813,CA,CA-QC,CA-QC-QU,46.8209084,-71.4402455,Parc Belle-Eau
L2885475,CA,CA-QC,CA-QC-APP,45.8320587,-71.3805985,Parc Bellerive
L1090371,CA,CA-QC,CA-QC-DU,45.8665248,-72.4699402,"Parc Bellevue, Drummondville"
L2703058,CA,CA-QC,CA-QC-HY,45.4062459,-72.7122376,"Parc Bellevue, Granby"
L2691617,CA,CA-QC,CA-QC-LV,45.5763662,-73.7055132,Parc Bois-de-Boulogne
L2175928,CA,CA-QC,CA-QC-MR,45.57428,-73.555,Parc Bois-des-Pères
L3073616,CA,CA-QC,CA-QC-LV,45.6792303,-73.6369371,Parc Bon-Air
L2200229,CA,CA-QC,CA-QC-OU,45.418054,-75.7431577,Parc Brébeuf
L1957276,CA,CA-QC,CA-QC-FR,46.3475793,-72.6174831,Parc Cambrai
L3394487,CA,CA-QC,CA-QC-VS,45.3779065,-73.9265192,Parc Carrefour Notre-Dame
L3254886,CA,CA-QC,CA-QC-QU,46.7493127,-71.3400663,Parc Cartier-Roberval
L2102214,CA,CA-QC,CA-QC-MR,45.4875512,-73.8192201,Parc Centenaire William Cosgrove
L2783622,CA,CA-QC,CA-QC-SH,45.3556435,-72.0021629,Parc Central
L2704215,CA,CA-QC,CA-QC-JO,46.0333183,-73.4379709,Parc Champs-Élysées
L1094730,CA,CA-QC,CA-QC-FR,46.3336544,-72.5949097,Parc Chatelaine
L714383,CA,CA-QC,CA-QC-QU,46.8300749,-71.3365459,Parc Chauveau
L3238976,CA,CA-QC,CA-QC-AN,45.8498905,-73.4206921,Parc Des Moissons
L3141290,CA,CA-QC,CA-QC-MR,45.4540078,-73.565644,Parc Desmarchais
L3233068,CA,CA-QC,CA-QC-VS,45.3786983,-74.0320265,Parc Dorion-Gardens
L3459805,CA,CA-QC,CA-QC-SH,45.3476891,-71.987451,Parc Dussault
L3049494,CA,CA-QC,CA-QC-CT,45.024446,-71.8968487,Parc Découverte Nature--Mont Pinacle
L374683,CA,CA-QC,CA-QC-MR,45.4872282,-73.8836635,Parc Eugène-Dostie
L2923443,CA,CA-QC,CA-QC-CP,45.519188,-73.440755,Parc Fonrouge
L2084330,CA,CA-QC,CA-QC-HY,45.3865684,-72.784971,Parc Forand
L3153355,CA,CA-QC,CA-QC-RS,45.4052293,-73.5751846,Parc Francis-Xavier-Fontaine
L2614932,CA,CA-QC,CA-QC-LV,45.5502713,-73.6992073,Parc Gagné
L1440806,CA,CA-QC,CA-QC-LV,45.6187539,-73.6742896,Parc Giovanni-Caboto
L2221129,CA,CA-QC,CA-QC-DM,45.5815402,-73.8612127,Parc Godard
L2754785,CA,CA-QC,CA-QC-SR,50.2143352,-66.3626146,Parc Holliday
L2459496,CA,CA-QC,CA-QC-DE,46.7580065,-71.2408125,"Parc Hôtel de Ville, Lévis"
L3139422,CA,CA-QC,CA-QC-VS,45.4593601,-74.1370189,Parc Jack Layton
L1477487,CA,CA-QC,CA-QC-OU,45.4419071,-75.7099229,Parc Jacques-Cartier
L1634465,CA,CA-QC,CA-QC-HR,45.0813775,-73.1301313,Parc Jameson
L2590752,CA,CA-QC,CA-QC-TB,45.6476998,-73.854803,Parc Jardin des Sources
L2611578,CA,CA-QC,CA-QC-MU,45.6916738,-73.6357537,Parc Jardins Vitré
L2972636,CA,CA-QC,CA-QC-MR,45.535228,-73.628288,Parc Jarry
L354238,CA,CA-QC,CA-QC-MR,45.5160946,-73.5340624,Parc Jean-Drapeau
L1333093,CA,CA-QC,CA-QC-MR,45.5263573,-73.5693468,Parc La Fontaine
L3088538,CA,CA-QC,CA-QC-QU,46.7699229,-71.2522334,Parc La promenade Samuel-De Champlain
L3192392,CA,CA-QC,CA-QC-QU,46.8273929,-71.2422073,Parc Lairet
L1231582,CA,CA-QC,CA-QC-LV,45.540272,-73.8694525,Parc Laval-Ouest
L2109308,CA,CA-QC,CA-QC-FR,46.3145093,-72.5683022,Parc Laviolette
L3025567,CA,CA-QC,CA-QC-MM,46.986714,-70.5520146,Parc Le Jardin des Souches
L2823548,CA,CA-QC,CA-QC-LJ,45.6458874,-73.3281827,Parc Le Rocher
L663124,CA,CA-QC,CA-QC-JC,46.9609833,-71.3921642,Parc Les Marais du Nord
L2944034,CA,CA-QC,CA-QC-CE,47.8983336,-69.9898624,Parc Les Palissades
L1797656,CA,CA-QC,CA-QC-MK,45.6479918,-72.9578903,Parc Les Salines
L2696563,CA,CA-QC,CA-QC-QU,46.8089958,-71.3059072,Parc Les Saules
L2958962,CA,CA-QC,CA-QC-RN,48.4606571,-79.0542131,Parc Les collines d'Alembert
L1912318,CA,CA-QC,CA-QC-DE,46.7728439,-71.1721634,Parc Les Écarts
L3100103,CA,CA-QC,CA-QC-JO,46.0292816,-73.4354067,Parc Louis-Querbes
L1427397,CA,CA-QC,CA-QC-SH,45.3946736,-71.9265705,Parc Lucien-Blanchard
L1912306,CA,CA-QC,CA-QC-MR,45.5616574,-73.5556568,Parc Maisonneuve
L2891989,CA,CA-QC,CA-QC-MN,49.1879306,-68.279686,Parc Manicouagan
L1312727,CA,CA-QC,CA-QC-MR,45.5073187,-73.7059189,Parc Marcel-Laurin
L3252399,CA,CA-QC,CA-QC-MR,45.5362158,-73.6813545,Parc Marcelin-Wilson
L447776,CA,CA-QC,CA-QC-CP,45.5435466,-73.508631,Parc Marie-Victorin
L3184161,CA,CA-QC,CA-QC-RS,45.3576339,-73.74385,Parc Martineau
L2445999,CA,CA-QC,CA-QC-MR,45.4464071,-73.556557,Parc Maynard-Ferguson
L737557,CA,CA-QC,CA-QC-CP,45.551203,-73.4698677,Parc Michel-Chartrand
L3137778,CA,CA-QC,CA-QC-MR,45.6602346,-73.5722423,Parc Moulin-du-Rapide
L3071091,CA,CA-QC,CA-QC-TT,47.9876394,-68.6788802,Parc Natur'Ailes
L3440512,CA,CA-QC,CA-QC-MW,46.0503237,-73.7076509,Parc Nichol
L3049577,CA,CA-QC,CA-QC-QU,46.8006588,-71.2114263,Parc Notre-Dame-de-la-Garde
L764902,CA,CA-QC,CA-QC-JAM,49.9076262,-74.3596745,Parc Obalski
L1041643,CA,CA-QC,CA-QC-LV,45.696888,-73.5297775,Parc Olivier-Charbonneau
L2338315,CA,CA-QC,CA-QC-PP,45.684837,-74.9531078,Parc Oméga
L2518200,CA,CA-QC,CA-QC-RS,45.4052268,-73.5650861,Parc Optimiste
L3085412,CA,CA-QC,CA-QC-JO,45.991329,-73.3883852,Parc Pierre-Charbonneau
L2703599,CA,CA-QC,CA-QC-MR,45.5365519,-73.7176616,Parc Raimbault
L3125523,CA,CA-QC,CA-QC-MR,45.6298366,-73.4948981,Parc René-Labrosse
L3493813,CA,CA-QC,CA-QC-SAG,48.4187487,-71.0640979,Parc Rosaire Gauthier
L3320620,CA,CA-QC,CA-QC-MS,46.6280967,-73.0126959,Parc Récréoforestier St-Mathieu
L2891805,CA,CA-QC,CA-QC-JN,45.0496806,-73.4332609,Parc Régional St-Bernard
L3450797,CA,CA-QC,CA-QC-VS,45.3855042,-74.0048343,Parc Sabourin
L2764714,CA,CA-QC,CA-QC-AN,45.7271211,-73.4565961,Parc St-Laurent
L3405018,CA,CA-QC,CA-QC-QU,46.8652564,-71.3869071,Parc St-Raphaël
L474826,CA,CA-QC,CA-QC-LV,45.677941,-73.6915684,Parc Ste-Marie
L469060,CA,CA-QC,CA-QC-MR,45.4917128,-73.6071465,Parc Summit
L3306272,CA,CA-QC,CA-QC-AT,46.0493157,-71.9570353,Parc Terre-des-Jeunes
L2251836,CA,CA-QC,CA-QC-HY,45.4105567,-72.7078815,Parc Terry-Fox
L1912351,CA,CA-QC,CA-QC-MR,45.6085081,-73.5375056,Parc Thomas-Chapais
L3139434,CA,CA-QC,CA-QC-VS,45.4721645,-74.177016,Parc Thompson
L2907573,CA,CA-QC,CA-QC-BS,46.1234964,-70.6902811,Parc Veilleux
L1920508,CA,CA-QC,CA-QC-MR,45.441365,-73.938254,Parc agricole du Bois-de-la-Roche (accès restreint)
L2865106,CA,CA-QC,CA-QC-RL,47.9688645,-69.4586134,Parc côtier Kiskotuk--Secteur des Passereaux
L2919403,CA,CA-QC,CA-QC-RL,48.0072833,-69.4029222,Parc côtier Kiskotuk--Secteur des Roitelets
L610533,CA,CA-QC,CA-QC-RL,47.9404107,-69.5062923,Parc côtier Kiskotuk--Secteur marais du Gros-Cacouna
L1030640,CA,CA-QC,CA-QC-MR,45.4829426,-73.5408497,Parc d'entreprises de la Pointe-St-Charles
L2865235,CA,CA-QC,CA-QC-BM,45.0968127,-72.5491512,Parc d'environnement naturel de Sutton
L803614,CA,CA-QC,CA-QC-MR,45.5277549,-73.7319926,Parc de Beauséjour
L1056321,CA,CA-QC,CA-QC-CP,45.5949859,-73.4477039,Parc de Brouage
L3324248,CA,CA-QC,CA-QC-QU,46.8530158,-71.3925987,Parc de Montchâtel
L2426690,CA,CA-QC,CA-QC-VR,45.5596076,-73.1814343,Parc de conservation de la Falaise-de-Dieppe
L3048781,CA,CA-QC,CA-QC-KA,47.6791371,-69.7239375,Parc de l'Ancien-Quai
L3100549,CA,CA-QC,CA-QC-RL,47.7918925,-69.5895513,Parc de l'Anse-du-Portage
L2868201,CA,CA-QC,CA-QC-MR,45.4153112,-73.6304945,Parc de l'Aqueduc
L1450964,CA,CA-QC,CA-QC-RS,45.3927348,-73.4877201,Parc de l'Arrondissement
L663128,CA,CA-QC,CA-QC-QU,46.8358294,-71.3041449,Parc de l'Escarpement
L679560,CA,CA-QC,CA-QC-MR,45.4365716,-73.583293,Parc de l'Honorable-George-O'Reilly
L1658613,CA,CA-QC,CA-QC-CP,45.5795291,-73.4890992,Parc de l'Île Charron
L2470346,CA,CA-QC,CA-QC-AN,45.7361027,-73.4450197,Parc de l'Île-Lebel
L2934973,CA,CA-QC,CA-QC-BS,46.123448,-70.6855309,Parc de l'île-Pozer
L2515279,CA,CA-QC,CA-QC-CP,45.5991461,-73.4574223,Parc de la Broquerie
L1172494,CA,CA-QC,CA-QC-CP,45.4854762,-73.407081,Parc de la Cité
L2778591,CA,CA-QC,CA-QC-RS,45.3850335,-73.7625933,Parc de la Commune
L2823637,CA,CA-QC,CA-QC-RD,45.8314054,-74.0542245,Parc de la Coulée
L3480784,CA,CA-QC,CA-QC-MN,49.1823486,-68.2675302,Parc de la Falaise
L320417,CA,CA-QC,CA-QC-CP,45.6444855,-73.4443545,"Parc de la Frayère, Boucherville"
L474129,CA,CA-QC,CA-QC-DM,45.5220563,-73.9304251,"Parc de la Frayère, Ste-Marthe-sur-le-Lac"
L2201003,CA,CA-QC,CA-QC-CO,45.5083255,-75.912767,Parc de la Gatineau--Belvédère Champlain
L2928081,CA,CA-QC,CA-QC-CO,45.5082116,-75.8523345,Parc de la Gatineau--Camp Fortune
L1630986,CA,CA-QC,CA-QC-CO,45.5857892,-76.0962756,Parc de la Gatineau--Ch. Eardley Masham
L2337129,CA,CA-QC,CA-QC-CO,45.4877933,-75.8481391,Parc de la Gatineau--Lac Kingsmere
L2337167,CA,CA-QC,CA-QC-CO,45.5309205,-75.8774932,Parc de la Gatineau--Lac Meech
L2514612,CA,CA-QC,CA-QC-CO,45.6027858,-75.996809,Parc de la Gatineau--Lac Philippe
L913566,CA,CA-QC,CA-QC-OU,45.4697222,-75.81,Parc de la Gatineau--Lac Pink
L1905348,CA,CA-QC,CA-QC-CO,45.5996357,-76.1002537,Parc de la Gatineau--Lac Ramsay
L2232619,CA,CA-QC,CA-QC-CO,45.5116694,-75.8683764,Parc de la Gatineau--Lac-Fortune
L2420904,CA,CA-QC,CA-QC-OU,45.4382011,-75.752492,Parc de la Gatineau--Lac-des-Fées
L3136861,CA,CA-QC,CA-QC-CO,45.5153529,-75.8609482,Parc de la Gatineau--Promenade Fortune
L3228679,CA,CA-QC,CA-QC-CO,45.5720697,-75.9336376,Parc de la Gatineau--Relais Healey
L1960089,CA,CA-QC,CA-QC-CO,45.571408,-75.940024,Parc de la Gatineau--Relais Herridge
L3380638,CA,CA-QC,CA-QC-CO,45.5061865,-75.8785129,Parc de la Gatineau--Relais Keogan
L3349786,CA,CA-QC,CA-QC-CO,45.6027392,-76.0212439,Parc de la Gatineau--Relais Renaud
L3380575,CA,CA-QC,CA-QC-CO,45.5072742,-75.8863476,Parc de la Gatineau--Relais Shilly-Shallly
L2778384,CA,CA-QC,CA-QC-CO,45.4691512,-75.7919312,Parc de la Gatineau--Sentier #5
L2201025,CA,CA-QC,CA-QC-CO,45.506377,-75.8141398,Parc de la Gatineau--Sentier de la sucrerie
L2337151,CA,CA-QC,CA-QC-CO,45.6041545,-75.9141942,Parc de la Gatineau--Sentiers Carman
L1663260,CA,CA-QC,CA-QC-CO,45.5432633,-75.909658,Parc de la Gatineau--Sentiers des Loups
L2337127,CA,CA-QC,CA-QC-CO,45.571755,-75.8870316,Parc de la Gatineau--Vallée Meech
L364892,CA,CA-QC,CA-QC-OU,45.4667525,-75.8006859,Parc de la Gatineau--zone générale
L2158377,CA,CA-QC,CA-QC-CT,45.1477664,-71.7969725,Parc de la Gorge de Coaticook
L2277629,CA,CA-QC,CA-QC-DE,46.779797,-71.2035298,Parc de la Jetée
L912796,CA,CA-QC,CA-QC-MR,45.5470096,-73.6939877,Parc de la Merci
L2200546,CA,CA-QC,CA-QC-QU,46.8766011,-71.2580939,Parc de la Montagne-des-Roches
L2854631,CA,CA-QC,CA-QC-MK,45.6150701,-72.9392838,Parc de la Métairie--secteur Seigneurs O
L3032760,CA,CA-QC,CA-QC-MK,45.6206134,-72.9413652,Parc de la Métairie--secteur rivière
L2459107,CA,CA-QC,CA-QC-SH,45.3350578,-72.024039,Parc de la Plage Municipale
L1439691,CA,CA-QC,CA-QC-QU,46.7494262,-71.3111618,Parc de la Plage-Jacques-Cartier
L2528604,CA,CA-QC,CA-QC-RL,47.8603569,-69.5525765,Parc de la Pointe
L3146099,CA,CA-QC,CA-QC-BH,45.301113,-74.0291465,Parc de la Pointe-Bayard
L2785392,CA,CA-QC,CA-QC-MG,45.2661139,-72.158761,Parc de la Pointe-Merry
L1989038,CA,CA-QC,CA-QC-MR,45.6034998,-73.5097904,Parc de la Promenade-Bellerive
L2940230,CA,CA-QC,CA-QC-GR,45.5817863,-70.8759677,Parc de la Riviere Chaudiere
L3176013,CA,CA-QC,CA-QC-QU,46.8614942,-71.1993188,Parc de la Rivière Beauport Sud
L2026961,CA,CA-QC,CA-QC-QU,46.8097825,-71.3565445,"Parc de la Rivière, Québec"
L2778979,CA,CA-QC,CA-QC-MU,45.689274,-73.6961389,"Parc de la Rivière, Terrebonne"
L2307422,CA,CA-QC,CA-QC-TB,45.6408048,-73.7828801,Parc de la Rivière-des-Mille-Îles--Marais Miller
L2307417,CA,CA-QC,CA-QC-TB,45.6285392,-73.7939429,Parc de la Rivière-des-Mille-Îles--Marécage Tylee
L3329538,CA,CA-QC,CA-QC-LV,45.6183758,-73.7910969,Parc de la Rivière-des-Mille-Îles--Île Darling
L3329312,CA,CA-QC,CA-QC-LV,45.6127024,-73.8020403,Parc de la Rivière-des-Mille-Îles--Île aux Fraises
L3326336,CA,CA-QC,CA-QC-LV,45.6126615,-73.8045723,Parc de la Rivière-des-Mille-Îles--Île des Juifs
L3325562,CA,CA-QC,CA-QC-MK,45.7905544,-72.855674,Parc de la Seigneurie-de-Ramezay
L3133894,CA,CA-QC,CA-QC-MK,45.6084522,-72.9799408,Parc de la Survivance
L3238891,CA,CA-QC,CA-QC-MK,45.6326401,-72.9389405,Parc de la Yamaska
L2877185,CA,CA-QC,CA-QC-HY,45.3687311,-72.5674084,Parc de la mairie Shefford
L3051668,CA,CA-QC,CA-QC-BH,45.3201283,-73.8491321,Parc de la nature
L352945,CA,CA-QC,CA-QC-BC,46.3015247,-72.5348282,Parc de la rivière Godefroy
L2980513,CA,CA-QC,CA-QC-MI,48.6283483,-68.1364346,Parc de la rivière Mitis
L2615630,CA,CA-QC,CA-QC-SAG,48.3994518,-71.0457087,Parc de la rivière du Moulin
L756835,CA,CA-QC,CA-QC-IM,47.3811783,-61.8839693,Parc des Buck
L2357777,CA,CA-QC,CA-QC-BH,45.2306009,-74.1158924,Parc des Bâtisseurs
L2359753,CA,CA-QC,CA-QC-MR,45.6730339,-73.541022,Parc des Cageux
L2218623,CA,CA-QC,CA-QC-RL,47.833094,-69.5290375,Parc des Chutes
L3489814,CA,CA-QC,CA-QC-ER,46.307426,-71.4492631,Parc des Chutes Lysander
L2723264,CA,CA-QC,CA-QC-DE,46.7173376,-71.286056,Parc des Chutes de la Chaudière
L3440502,CA,CA-QC,CA-QC-MW,46.0321001,-73.7022328,Parc des Chutes-Dorwin
L2863755,CA,CA-QC,CA-QC-HF,45.4742404,-71.6535187,Parc des Deux-Rivières
L3100565,CA,CA-QC,CA-QC-RL,47.7396595,-69.637697,Parc des Grèves
L726312,CA,CA-QC,CA-QC-QU,46.8885834,-71.2990165,Parc des Moulins
L2833698,CA,CA-QC,CA-QC-TB,45.76026,-73.8247776,Parc des Méandres
L2987646,CA,CA-QC,CA-QC-MW,46.3140273,-74.2265855,"Parc des Pionniers, St-Donat"
L2362402,CA,CA-QC,CA-QC-LJ,45.7768715,-73.3584138,"Parc des Pionniers, Verchères"
L357239,CA,CA-QC,CA-QC-OU,45.4231845,-75.7264638,Parc des Portageurs
L476666,CA,CA-QC,CA-QC-LV,45.5544485,-73.69277,Parc des Prairies
L1872006,CA,CA-QC,CA-QC-SH,45.3971949,-71.9285365,Parc des Quatre-Pins
L351551,CA,CA-QC,CA-QC-MR,45.4277985,-73.5921872,Parc des Rapides
L2850261,CA,CA-QC,CA-QC-BS,46.1121994,-70.7036734,Parc des Sept-Chutes
L3174436,CA,CA-QC,CA-QC-CP,45.6494733,-73.4432246,"Parc des Voiles, Boucherville"
L1491784,CA,CA-QC,CA-QC-RV,45.4639488,-73.2627566,"Parc des Voiles, St-Mathias-sur-Richelieu"
L2860995,CA,CA-QC,CA-QC-MN,49.2229789,-68.1457043,"Parc des pionniers, Manicouagan"
L3078162,CA,CA-QC,CA-QC-MT,48.8402223,-67.5294721,Parc des îles
L2788549,CA,CA-QC,CA-QC-MR,45.5071289,-73.6078835,Parc du 3e sommet
L1542445,CA,CA-QC,CA-QC-SH,45.3842351,-71.9560908,Parc du Barrage
L470103,CA,CA-QC,CA-QC-SH,45.4179734,-71.9201946,Parc du Bois-Beckett
L2719029,CA,CA-QC,CA-QC-JO,46.0606975,-73.4810525,Parc du Bois-Brûlé
L663106,CA,CA-QC,CA-QC-QU,46.7892768,-71.2366176,Parc du Bois-de-Coulonge
L2775047,CA,CA-QC,CA-QC-VS,45.3886636,-73.9582892,Parc du Boisé
L1912202,CA,CA-QC,CA-QC-MR,45.593972,-73.56835,Parc du Boisé-Jean-Milot
L2497102,CA,CA-QC,CA-QC-MR,45.5545049,-73.639791,Parc du Boisé-de-St-Sulpice
L2422648,CA,CA-QC,CA-QC-MR,45.7019024,-73.4775556,Parc du Bout-de-l'Île
L1014373,CA,CA-QC,CA-QC-MR,45.4774154,-73.5752792,Parc du Canal-de-Lachine
L2749892,CA,CA-QC,CA-QC-LL,45.9584296,-74.5759678,Parc du Corridor Aérobique--Lac Beaven
L3061603,CA,CA-QC,CA-QC-PH,45.8893537,-74.3371922,Parc du Corridor Aérobique--Lac St-François-Xavier
L2705835,CA,CA-QC,CA-QC-LL,45.9363989,-74.5345792,Parc du Corridor Aérobique--Lac aux Rats
L2892806,CA,CA-QC,CA-QC-LL,45.9594614,-74.6375942,Parc du Corridor Aérobique--Rivière Rouge
L3255954,CA,CA-QC,CA-QC-AG,45.5619231,-74.3372673,Parc du Docteur-Richard-Low
L2220465,CA,CA-QC,CA-QC-ML,45.6592575,-73.9071751,Parc du Domaine Vert
L3011510,CA,CA-QC,CA-QC-ML,45.655328,-73.9211655,Parc du Domaine Vert--secteur Ouest
L3458307,CA,CA-QC,CA-QC-MR,45.6401964,-73.4878224,Parc du Fort-de-Pointe-aux-Trembles
L2466635,CA,CA-QC,CA-QC-MU,45.7434298,-73.6203933,Parc du Grand-Coteau
L2411833,CA,CA-QC,CA-QC-QU,46.7311838,-71.4368927,Parc du Haut-Fond
L1451764,CA,CA-QC,CA-QC-OU,45.4885445,-75.6144148,Parc du Lac-Beauchamp
L2337138,CA,CA-QC,CA-QC-OU,45.4550734,-75.7217216,Parc du Lac-Leamy
L2200847,CA,CA-QC,CA-QC-OU,45.4938563,-75.735358,Parc du Marais de Touraine
L2063939,CA,CA-QC,CA-QC-MR,45.4394907,-73.7234391,Parc du Millénaire
L680704,CA,CA-QC,CA-QC-LV,45.6743777,-73.579505,Parc du Moulin
L459071,CA,CA-QC,CA-QC-AT,46.04083,-71.89944,Parc du Mt-Arthabaska
L1542436,CA,CA-QC,CA-QC-SH,45.3754148,-71.9147004,Parc du Mt-Bellevue
L453505,CA,CA-QC,CA-QC-MR,45.5055593,-73.5882289,Parc du Mt-Royal
L2965785,CA,CA-QC,CA-QC-DR,49.1216438,-66.5005059,Parc du Petit-Bois
L2848482,CA,CA-QC,CA-QC-VR,45.5512075,-73.2129765,Parc du Petit-Rapide
L2435923,CA,CA-QC,CA-QC-MR,45.5606311,-73.6340994,Parc du complexe environnemental de St-Michel
L2329317,CA,CA-QC,CA-QC-HF,45.4923897,-71.2182713,Parc du marécage des Scots
L2572528,CA,CA-QC,CA-QC-JC,47.0090551,-71.3482618,Parc du mont Wright
L1172408,CA,CA-QC,CA-QC-VR,45.5468529,-73.2357936,Parc du ruisseau Bernard
L1797284,CA,CA-QC,CA-QC-MU,45.7144565,-73.490091,Parc faunique du Ruisseau-de-Feu
L2766168,CA,CA-QC,CA-QC-VS,45.3666438,-73.8553762,Parc historique Pointe-du-Moulin
L3050242,CA,CA-QC,CA-QC-VF,45.579043,-71.9904457,Parc historique de la Poudrière de Windsor
L2904444,CA,CA-QC,CA-QC-VF,45.5788876,-71.9901886,Parc historique de la Poudrière de Windsor
L2289568,CA,CA-QC,CA-QC-BM,45.2991138,-72.7289084,"Parc industriel, Bromont"
L3443360,CA,CA-QC,CA-QC-AL,46.4437065,-75.022459,Parc le Renouveau
L2848219,CA,CA-QC,CA-QC-LL,46.2053982,-74.6865673,Parc linéaire Le P'tit Train du Nord--Secteur La Conception
L2893013,CA,CA-QC,CA-QC-LL,46.2674528,-74.7148418,Parc linéaire Le P'tit Train du Nord--Secteur Labelle
L2901390,CA,CA-QC,CA-QC-LL,46.021382,-74.191748,Parc linéaire Le P'tit Train du Nord--Secteur Val-David - Val-Morin
L3335273,CA,CA-QC,CA-QC-LL,46.1296748,-74.5899153,Parc linéaire Le Ptit Train du Nord--secteur St-Jovite
L3014433,CA,CA-QC,CA-QC-TB,45.5986056,-73.8325882,Parc linéaire Sentier des Berges
L353509,CA,CA-QC,CA-QC-QU,46.8682667,-71.2126923,Parc linéaire de la rivière Beauport
L1025494,CA,CA-QC,CA-QC-HC,48.2831246,-69.4556896,Parc marin du Saguenay-St Laurent--Anse à la Cave
L590032,CA,CA-QC,CA-QC-CE,48.0672075,-69.6597988,Parc marin du Saguenay-St-Laurent
L2363276,CA,CA-QC,CA-QC-HC,48.0951511,-69.5750427,Parc marin du Saguenay-St-Laurent--pélagique
L2888021,CA,CA-QC,CA-QC-BM,45.0487879,-72.8260893,Parc municipal de Frelighsburg
L3195124,CA,CA-QC,CA-QC-VS,45.2586819,-74.1984254,"Parc municipal, Les Coteaux"
L3311374,CA,CA-QC,CA-QC-VS,45.4664443,-74.1915871,Parc nature Sandy Beach
L899175,CA,CA-QC,CA-QC-MN,49.05111,-68.43222,"Parc nature, Pointe-aux-Outardes"
L2901746,CA,CA-QC,CA-QC-VS,45.3317334,-73.9538026,"Parc nature, Pointe-des-Cascades"
L1912440,CA,CA-QC,CA-QC-BM,45.21444,-72.75945,Parc naturel Jacques-Bonnette
L3026107,CA,CA-QC,CA-QC-VS,45.4264398,-74.1498131,Parc naturel de la Tourbière-du-Bordelais
L2228061,CA,CA-QC,CA-QC-QU,46.8282545,-71.454649,Parc naturel du Mt-Bélair
L1912129,CA,CA-QC,CA-QC-MR,45.5579897,-73.5518816,Parc olympique
L2841634,CA,CA-QC,CA-QC-AL,46.4023454,-74.8637366,Parc ornithologique L'Oie-Zoo
L2704218,CA,CA-QC,CA-QC-JO,46.007237,-73.4189647,Parc riverain Base-de-Roc
L2848543,CA,CA-QC,CA-QC-PR,46.8847322,-71.8539762,Parc riverain de la Ste-Anne
L2848874,CA,CA-QC,CA-QC-QU,46.7424487,-71.393854,Parc riverain du lac St-Augustin
L2880318,CA,CA-QC,CA-QC-ML,45.6213854,-74.0811398,Parc régional Bois de Belle-Rivière
L2990044,CA,CA-QC,CA-QC-AL,46.7223507,-75.5614758,Parc régional Montagne du Diable--Sentier de la Paroi de l'Aube
L2310776,CA,CA-QC,CA-QC-LL,46.0256526,-74.175396,Parc régional Val-David - Val-Morin
L2948974,CA,CA-QC,CA-QC-MW,46.2140934,-74.034658,Parc régional de la Forêt Ouareau--Secteur du Massif
L2940028,CA,CA-QC,CA-QC-MW,46.2237823,-73.9288158,Parc régional de la Forêt Ouareau--Sentier des Murmures
L2220707,CA,CA-QC,CA-QC-MW,46.1963492,-73.9785004,Parc régional de la Forêt Ouareau--zone générale
L2423815,CA,CA-QC,CA-QC-DE,46.828262,-71.107278,Parc régional de la Pointe-De la Martinière
L2218598,CA,CA-QC,CA-QC-RD,45.7978703,-74.0246773,Parc régional de la Rivière-du-Nord
L3130891,CA,CA-QC,CA-QC-AL,46.7226822,-75.5621409,Parc régional de la montagne du Diable--Sentier Lac-des-Iles
L2311329,CA,CA-QC,CA-QC-CP,45.422311,-73.4617996,Parc régional de la rivière St-Jacques
L741272,CA,CA-QC,CA-QC-MM,46.7709678,-70.4445934,Parc régional des Appalaches--Cascades de la loutre
L741287,CA,CA-QC,CA-QC-MM,46.7688123,-70.2491026,Parc régional des Appalaches--Lac Carré
L892945,CA,CA-QC,CA-QC-MM,46.7150325,-70.1772308,Parc régional des Appalaches--Lac Talon
L2864608,CA,CA-QC,CA-QC-ER,46.2751195,-71.7873716,Parc régional des Grandes-Coulées--Secteur Forêt Ancienne
L2875784,CA,CA-QC,CA-QC-ER,46.3823584,-71.8450284,Parc régional des Grandes-Coulées--Secteur La Grande Tourbière
L3161034,CA,CA-QC,CA-QC-MW,46.4443345,-73.737638,Parc régional des Sept-Chutes
L2365424,CA,CA-QC,CA-QC-BL,46.6288371,-70.4665861,Parc régional du Massif-du-Sud
L1120540,CA,CA-QC,CA-QC-MU,45.6936958,-73.6386817,Parc Île-des-Moulins
L1542455,CA,CA-QC,CA-QC-HF,45.3449854,-71.7535917,Parc écoforestier de Johnville
L2293781,CA,CA-QC,CA-QC-HY,45.3590695,-72.5755922,Parc écologique Jean-Paul-Forand
L1526253,CA,CA-QC,CA-QC-NY,46.2516479,-72.6403999,Parc écologique de l'Anse du Port
L949652,CA,CA-QC,CA-QC-MU,45.7145701,-73.6723423,Parc écologique de la Coulée
L2693852,CA,CA-QC,CA-QC-LL,46.1137409,-74.503237,Parc écotouristique de la MRC des Laurentides
L3040358,CA,CA-QC,CA-QC-MR,45.6264776,-73.6112309,Parc-Nature du Ruisseau-De Montigny
L3042394,CA,CA-QC,CA-QC-MR,45.5156539,-73.7405106,Parc-Nature du-Bois-du-Saraguay
L1116411,CA,CA-QC,CA-QC-MR,45.4497989,-73.9366934,Parc-nature de l'Anse-à-l'Orme
L459787,CA,CA-QC,CA-QC-MR,45.5770923,-73.6596239,Parc-nature de l'Île-de-la-Visitation
L2386866,CA,CA-QC,CA-QC-MR,45.6689243,-73.5132149,Parc-nature de la Pointe-aux-Prairies--Secteur Bois-de-la-Réparation
L2386857,CA,CA-QC,CA-QC-MR,45.6971896,-73.5144755,Parc-nature de la Pointe-aux-Prairies--Secteur Rivière-des-Prairies
L2359722,CA,CA-QC,CA-QC-MR,45.6884107,-73.5235602,Parc-nature de la Pointe-aux-Prairies--Secteur des Marais
L474576,CA,CA-QC,CA-QC-MR,45.6802385,-73.50766,Parc-nature de la Pointe-aux-Prairies--Secteur du Bois-de-l'Héritage
L3134903,CA,CA-QC,CA-QC-MR,45.6798195,-73.5275567,Parc-nature de la Pointe-aux-Prairies--sentiers d'accès
L894569,CA,CA-QC,CA-QC-MR,45.4990642,-73.7669948,Parc-nature du Bois-de-Liesse
L3081136,CA,CA-QC,CA-QC-MR,45.5153898,-73.7404788,Parc-nature du Bois-de-Saraguay
L166210,CA,CA-QC,CA-QC-MR,45.5100537,-73.8786578,Parc-nature du Bois-de-l'Île-Bizard
L476082,CA,CA-QC,CA-QC-MR,45.4645346,-73.9315517,Parc-nature du Cap-St-Jacques
L3228712,CA,CA-QC,CA-QC-MR,45.5167494,-73.7271988,Parcs Noël (Nord et Sud)
L1294616,CA,CA-QC,CA-QC-VF,45.5365275,-72.0401001,Petit Lac St-François
L890691,CA,CA-QC,CA-QC-LS,48.4974186,-71.7824364,"Petit Marais, St-Gédéon"
L2553979,CA,CA-QC,CA-QC-TT,47.4597674,-69.2241459,Petit Pont International
L606887,CA,CA-QC,CA-QC-FS,48.006268,-70.7835388,Petit lac Ha! Ha!
L2200747,CA,CA-QC,CA-QC-OU,45.5163013,-75.4845285,Petite baie Clément
L3292451,CA,CA-QC,CA-QC-IM,47.3844618,-61.958127,Phare de L'Étang-du-Nord
L3219119,CA,CA-QC,CA-QC-IM,47.2124943,-61.9718814,Phare de Millerand
L1085906,CA,CA-QC,CA-QC-VS,45.3900194,-74.2157042,Pinède
L2515604,CA,CA-QC,CA-QC-JO,46.0584844,-73.4507596,Piste Champêtre
L724429,CA,CA-QC,CA-QC-QU,46.8500661,-71.2580109,"Piste cyclable corridor des cheminots, Québec"
L891486,CA,CA-QC,CA-QC-CP,45.460251,-73.3783722,"Piste cyclable, Longueuil (St-Hubert)"
L2853423,CA,CA-QC,CA-QC-SR,50.2406784,-66.3988781,Place de l'Anse
L610539,CA,CA-QC,CA-QC-GSL,51.4342133,-57.2198868,Plage Brador
L3136282,CA,CA-QC,CA-QC-BM,45.2263044,-72.5036716,"Plage Douglass, Lac Brome"
L3192768,CA,CA-QC,CA-QC-QU,46.7449377,-71.3473606,Plage St-Laurent
L2820693,CA,CA-QC,CA-QC-MG,45.2705642,-72.1764529,Plage des Cantons
L1912421,CA,CA-QC,CA-QC-IM,47.24667,-61.89333,Plage du Cap
L3061798,CA,CA-QC,CA-QC-MN,49.1801324,-68.3059931,"Plage, Pointe-Lebel"
L2955481,CA,CA-QC,CA-QC-SR,50.1020462,-66.7046261,"Plage, Rivière-Brochu"
L2954469,CA,CA-QC,CA-QC-SR,49.78869,-67.155261,"Plage, Rivière-Pentecôte"
L663123,CA,CA-QC,CA-QC-QU,46.7997657,-71.2178421,Plaines d'Abraham
L2252174,CA,CA-QC,CA-QC-TT,47.4850122,-69.2542112,Pohénégamook Santé Plein Air
L3453961,CA,CA-QC,CA-QC-MN,49.099049,-68.1932116,Pointe Manicouagan
L3274827,CA,CA-QC,CA-QC-MN,49.092651,-68.225441,Pointe Paradis
L343021,CA,CA-QC,CA-QC-LO,46.66972,-71.85083,Pointe Platon
L2856887,CA,CA-QC,CA-QC-MN,49.2065124,-68.1526566,Pointe St-Gilles
L2919301,CA,CA-QC,CA-QC-DD,48.4692002,-72.1149445,Pointe de Chambord
L2036586,CA,CA-QC,CA-QC-QU,46.839088,-71.196084,Pointe de Maizerets
L2924946,CA,CA-QC,CA-QC-SR,50.1934558,-66.0742569,Pointe de Moisie
L3030225,CA,CA-QC,CA-QC-IS,47.3152823,-70.1714802,Pointe de St-Roch-des-Aulnaies
L340284,CA,CA-QC,CA-QC-MS,46.2623498,-72.8098612,Pointe de Yamachiche
L3154032,CA,CA-QC,CA-QC-IM,47.2639706,-61.9749498,Pointe des Canots
L1219545,CA,CA-QC,CA-QC-VS,45.33389,-73.94305,Pointe des Cascades
L1440725,CA,CA-QC,CA-QC-HC,48.6411273,-69.0861912,Pointe des Fortins
L2994292,CA,CA-QC,CA-QC-SR,50.2248243,-66.4115025,Pointe du Poste
L2842231,CA,CA-QC,CA-QC-MS,46.2217893,-72.9185772,Pointe à Caron
L1022951,CA,CA-QC,CA-QC-HC,48.2281606,-69.5540571,Pointe à John
L3153214,CA,CA-QC,CA-QC-MN,49.2688687,-67.817831,Pointe à la Croix
L779951,CA,CA-QC,CA-QC-HC,48.5697354,-69.1381645,Pointe à Émile
L956535,CA,CA-QC,CA-QC-PB,48.625307,-64.167881,Pointe-St-Pierre
L3077358,CA,CA-QC,CA-QC-PB,48.2177334,-64.7730303,Pointe-au-Maquereau
L3244841,CA,CA-QC,CA-QC-CE,48.0985653,-69.7106075,Pointe-aux-Alouettes
L3044878,CA,CA-QC,CA-QC-RM,48.3774433,-68.7269711,Pointe-aux-Anglais
L1440740,CA,CA-QC,CA-QC-MN,49.3172373,-67.3810357,Pointe-des-Monts
L899165,CA,CA-QC,CA-QC-HC,48.5688835,-69.1654587,Pointe-à-Boisvert
L2346119,CA,CA-QC,CA-QC-HC,48.3504256,-69.3967052,Pointe-à-la-Croix
L483809,CA,CA-QC,CA-QC-CP,45.4649889,-73.5078971,"Pont Champlain (Estacade), Montréal"
L2337065,CA,CA-QC,CA-QC-OU,45.4118521,-75.7634326,"Pont Champlain, Gatineau (Aylmer)"
L3168966,CA,CA-QC,CA-QC-BH,45.2240559,-74.1156578,Pont Larocque
L384664,CA,CA-QC,CA-QC-BC,46.3060904,-72.5592899,Pont Laviolette
L2857132,CA,CA-QC,CA-QC-AL,46.3651937,-75.5174178,"Pont Pilote, Lac-des-Iles"
L2754725,CA,CA-QC,CA-QC-LL,46.0725379,-74.6251059,Pont Prud'homme
L475627,CA,CA-QC,CA-QC-RV,45.4419166,-73.256557,Pont Yule
L687522,CA,CA-QC,CA-QC-IO,46.8763311,-71.1185598,Pont de l'Île-d'Orléans
L1046799,CA,CA-QC,CA-QC-DU,45.8884325,-72.4909258,Pont de la Traverse
L3026681,CA,CA-QC,CA-QC-RL,47.93048,-69.516077,Port de Cacouna
L2738431,CA,CA-QC,CA-QC-MT,48.8425765,-67.5759602,Port de Matane
L2441034,CA,CA-QC,CA-QC-QU,46.8212906,-71.2036371,Port de Québec
L267736,CA,CA-QC,CA-QC-CE,47.7575,-69.94945,Port-au-Saumon
L1115937,CA,CA-QC,CA-QC-LL,46.0960908,-74.7605896,Pourvoirie Baroux
L2881542,CA,CA-QC,CA-QC-QU,46.9475133,-71.2684762,Pourvoirie du Lac-Beauport
L938792,CA,CA-QC,CA-QC-HC,49.1760926,-69.7662735,Pourvoiries Chenal du Nord
L2442696,CA,CA-QC,CA-QC-DE,46.8210777,-71.1805379,"Promontoire rue du Fleuve, Lévis"
L3242088,CA,CA-QC,CA-QC-MR,45.5073845,-73.5485208,"Quai Jacques-Cartier, Montréal"
L2528590,CA,CA-QC,CA-QC-RL,47.8487462,-69.5418434,"Quai Narcisse, Rivière-du-Loup"
L3292445,CA,CA-QC,CA-QC-IM,47.3723067,-61.9593152,Quai de l'Étang du Nord
L3087492,CA,CA-QC,CA-QC-CE,47.5591523,-70.2030444,"Quai municipal, St-Irénée"
L3129686,CA,CA-QC,CA-QC-HC,48.7381066,-69.0483856,"Quai traversier, Forestville"
L3152301,CA,CA-QC,CA-QC-GSL,50.4799577,-59.6002078,"Quai traversier, Harrington Harbour"
L353880,CA,CA-QC,CA-QC-RL,48.0246057,-69.3480206,"Quai traversier, L'Isle-Verte"
L764877,CA,CA-QC,CA-QC-RL,47.8476116,-69.5693779,"Quai traversier, Rivière-du-Loup"
L923405,CA,CA-QC,CA-QC-CV,47.4296427,-70.488984,"Quai, Baie-St-Paul"
L2112837,CA,CA-QC,CA-QC-BC,46.3974724,-72.3819208,"Quai, Bécancour"
L1024431,CA,CA-QC,CA-QC-BO,48.1007825,-65.6855071,"Quai, Caplan"
L3031057,CA,CA-QC,CA-QC-PR,46.6516068,-71.9250762,"Quai, Deschambault"
L3031062,CA,CA-QC,CA-QC-PR,46.5864255,-72.0397353,"Quai, Grondines"
L2871048,CA,CA-QC,CA-QC-KA,47.56314,-69.8745382,"Quai, Kamouraska"
L2750770,CA,CA-QC,CA-QC-SAG,48.3449122,-70.8784381,"Quai, La Baie"
L2586617,CA,CA-QC,CA-QC-CE,47.6520068,-70.1489872,"Quai, La Malbaie"
L2823959,CA,CA-QC,CA-QC-VS,45.2552079,-74.21049,"Quai, Les Coteaux"
L2407506,CA,CA-QC,CA-QC-HC,48.3459818,-69.3889189,"Quai, Les Escoumins"
L2992442,CA,CA-QC,CA-QC-RS,45.3364348,-73.8183662,"Quai, Léry"
L2341473,CA,CA-QC,CA-QC-MM,46.9900351,-70.5537901,"Quai, Montmagny"
L2752436,CA,CA-QC,CA-QC-PR,46.6977669,-71.5744686,"Quai, Neuville"
L3189573,CA,CA-QC,CA-QC-PN,45.5172427,-76.4291167,"Quai, Norway Bay"
L3100554,CA,CA-QC,CA-QC-RL,47.7678522,-69.6131601,"Quai, Notre-Dame-du-Portage"
L2910706,CA,CA-QC,CA-QC-PB,48.5210957,-64.2124057,"Quai, Percé"
L2565719,CA,CA-QC,CA-QC-BM,45.0398151,-73.0783725,"Quai, Philipsburg"
L791452,CA,CA-QC,CA-QC-CE,47.6236944,-70.1395512,"Quai, Pointe-au-Pic"
L2751569,CA,CA-QC,CA-QC-RM,48.5188557,-68.4732342,"Quai, Pointe-au-Père"
L3010784,CA,CA-QC,CA-QC-MN,49.0411336,-68.4213746,"Quai, Pointe-aux-Outardes"
L2112859,CA,CA-QC,CA-QC-NY,46.2715863,-72.6188779,"Quai, Port-St-François"
L2791956,CA,CA-QC,CA-QC-PR,46.6872104,-71.8829119,"Quai, Portneuf"
L2794832,CA,CA-QC,CA-QC-CO,45.5164093,-76.2290508,"Quai, Quyon"
L1439661,CA,CA-QC,CA-QC-QU,46.7467286,-71.3421165,"Quai, Québec (Cap-Rouge)"
L2993929,CA,CA-QC,CA-QC-MN,49.0570646,-68.5496486,"Quai, Ragueneau"
L2863993,CA,CA-QC,CA-QC-MN,49.0564889,-68.5497093,"Quai, Ragueneau"
L783181,CA,CA-QC,CA-QC-RM,48.4772458,-68.5140896,"Quai, Rimouski"
L1912448,CA,CA-QC,CA-QC-KA,47.4862479,-70.0248975,"Quai, Rivière-Ouelle"
L2763977,CA,CA-QC,CA-QC-FS,48.4454999,-70.8918411,"Quai, St-Fulgence"
L2741039,CA,CA-QC,CA-QC-DA,46.0596426,-73.1266415,"Quai, St-Ignace-de-Loyola"
L3175958,CA,CA-QC,CA-QC-IO,46.8583863,-71.0032225,"Quai, St-Laurent-de-l'Île-d'Orléans"
L1487493,CA,CA-QC,CA-QC-RV,45.4751621,-73.2716051,"Quai, St-Mathias-sur-Richelieu"
L2459578,CA,CA-QC,CA-QC-BL,46.879384,-70.9087926,"Quai, St-Michel-de-Bellechasse"
L2829982,CA,CA-QC,CA-QC-DD,48.6005459,-72.3235559,"Quai, St-Prime"
L2386808,CA,CA-QC,CA-QC-CE,47.8409582,-69.8740661,"Quai, St-Siméon"
L352715,CA,CA-QC,CA-QC-BC,46.3360397,-72.5179195,"Quai, Ste-Angèle-de-Laval"
L3081379,CA,CA-QC,CA-QC-MI,48.6098272,-68.2362213,"Quai, Ste-Flavie"
L2530201,CA,CA-QC,CA-QC-BA,48.1334638,-69.1854572,"Quai, Trois-Pistoles"
L695394,CA,CA-QC,CA-QC-MM,47.0438085,-70.4700851,RF Cap-St-Ignace
L1870007,CA,CA-QC,CA-QC-VS,45.4670112,-74.1607994,RF Clarke Sydenham
L2337217,CA,CA-QC,CA-QC-VG,46.7430752,-76.0869284,RF La Vérendrye--Accueil Sud
L3134375,CA,CA-QC,CA-QC-VG,46.7932434,-76.2567902,RF La Vérendrye--Lac Arthur
L2337212,CA,CA-QC,CA-QC-VG,46.9198042,-76.420292,RF La Vérendrye--Lac Roland
L2337224,CA,CA-QC,CA-QC-VG,46.7857392,-76.1637441,RF La Vérendrye--Lac Trudel
L2337206,CA,CA-QC,CA-QC-VG,46.772003,-76.2214168,RF La Vérendrye--Lac de la Vieille
L465864,CA,CA-QC,CA-QC-RS,45.3914585,-73.7611771,RF Marguerite-D'Youville
L3067840,CA,CA-QC,CA-QC-MS,46.6196147,-73.2141781,RF Mastigouche--Accueil Pins-Rouges
L2253019,CA,CA-QC,CA-QC-MS,46.56611,-73.29388,RF Mastigouche--Lac St-Bernard
L993227,CA,CA-QC,CA-QC-LL,46.1248907,-74.9684715,RF Papineau-Labelle--Lac Marie-Le Franc
L2871768,CA,CA-QC,CA-QC-PP,46.1676229,-75.1316357,RF Papineau-Labelle--Lac Robillard
L3303919,CA,CA-QC,CA-QC-AL,46.1854343,-75.1999998,RF Papineau-Labelle--Refuge Héron
L3303929,CA,CA-QC,CA-QC-AL,46.1437809,-75.1768684,RF Papineau-Labelle--piste La Ouest
L1025503,CA,CA-QC,CA-QC-AL,46.16666,-75.31667,RF Papineau-Labelle--zone générale
L887065,CA,CA-QC,CA-QC-RV,45.4536284,-73.269968,RF Pierre-Étienne-Fortin
L2592130,CA,CA-QC,CA-QC-PR,47.0781886,-72.2532177,RF de Portneuf
L2745972,CA,CA-QC,CA-QC-RM,48.0126641,-68.1993484,RF de Rimouski--Lac Rimouski
L2226320,CA,CA-QC,CA-QC-CB,47.6853201,-71.2087413,RF des Laurentides--Lac Argencour
L2229886,CA,CA-QC,CA-QC-CV,47.5715636,-71.0156194,RF des Laurentides--Lac Malbaie
L3301245,CA,CA-QC,CA-QC-MO,45.9691924,-73.7504992,RN Beauréal
L3071237,CA,CA-QC,CA-QC-MO,45.97889,-73.76556,RN Beauréal
L320095,CA,CA-QC,CA-QC-LV,45.6058973,-73.6852904,RN du Boisé-Papineau
L628389,CA,CA-QC,CA-QC-RM,48.5117973,-68.4662906,RNF de Pointe-au-Père
L783942,CA,CA-QC,CA-QC-RL,48.0277009,-69.3349455,RNF de la Baie de l'Isle-Verte
L1912431,CA,CA-QC,CA-QC-IM,47.604167,-61.4658297,RNF de la Pointe-de-l'Est
L2924325,CA,CA-QC,CA-QC-LJ,45.8511613,-73.2600737,RNF des Îles-de-Contrecoeur (accès restreint)
L293311,CA,CA-QC,CA-QC-HL,45.0246391,-74.5012508,RNF du Lac-St-François
L2149768,CA,CA-QC,CA-QC-HL,45.0442368,-74.4518137,RNF du Lac-St-François--Digue aux aigrettes
L881017,CA,CA-QC,CA-QC-HL,45.0459348,-74.4687653,RNF du Lac-St-François--Pointe Fraser
L164932,CA,CA-QC,CA-QC-CB,47.0780936,-70.7855538,RNF du cap Tourmente
L778035,CA,CA-QC,CA-QC-CB,47.0812426,-70.7719892,RNF du cap Tourmente--marais
L2528253,CA,CA-QC,CA-QC-CB,47.0511405,-70.8155537,RNF du cap Tourmente--secteur La Grande Ferme
L1440758,CA,CA-QC,CA-QC-CB,47.0673707,-70.7955237,RNF du cap Tourmente--secteur La Petite Ferme
L489654,CA,CA-QC,CA-QC-OU,45.37778,-75.79972,Rapides Deschênes
L2940637,CA,CA-QC,CA-QC-MM,46.9905754,-70.5600357,Refuge d'oiseaux de Montmagny
L956553,CA,CA-QC,CA-QC-AV,48.1067434,-66.2403488,Refuge d'oiseaux de St-Omer
L269198,CA,CA-QC,CA-QC-BL,46.8897981,-70.8569987,Refuge d'oiseaux de St-Vallier
L2610460,CA,CA-QC,CA-QC-AG,45.5158182,-74.2758179,Refuge d'oiseaux de l'île Carillon
L2526922,CA,CA-QC,CA-QC-JAM,51.8268665,-78.8619232,Refuge d'oiseaux migrateurs de la baie Boatswain
L1444933,CA,CA-QC,CA-QC-OU,45.4619563,-75.7739375,Relais Plein Air du Parc de la Gatineau
L1171408,CA,CA-QC,CA-QC-MR,45.5891111,-73.5498069,Repos St-François-d'Assise
L2255301,CA,CA-QC,CA-QC-AB,48.444917,-77.6621819,"Rg 1 et 2 Ouest, Barraute"
L766742,CA,CA-QC,CA-QC-HR,45.2906485,-73.1566715,"Rg Kempt, Mt-St-Grégoire"
L2155741,CA,CA-QC,CA-QC-ML,45.7347511,-73.968753,"Rg Ste-Marguerite, Mirabel"
L1912178,CA,CA-QC,CA-QC-HR,45.040592,-73.348481,"Rg de la Barbotte, Lacolle"
L1051605,CA,CA-QC,CA-QC-ML,45.718765,-73.9975548,"Rgs Ste-Marie & Ste-Dominique, Mirabel"
L3057421,CA,CA-QC,CA-QC-RM,48.3946034,-68.6760521,Rimouski - Anse de Rivière-Hatée
L295762,CA,CA-QC,CA-QC-CB,47.00722,-70.96027,Rivière aux Chiens
L2112943,CA,CA-QC,CA-QC-FR,46.288739,-72.7394999,Rivière aux glaises
L756817,CA,CA-QC,CA-QC-IM,47.8381285,-61.1455531,Rocher aux Oiseaux
L1912371,CA,CA-QC,CA-QC-NY,46.1486511,-72.7369058,Route Janelle
L767595,CA,CA-QC,CA-QC-JAM,52.3948775,-77.2510529,"Rte de la Baie-James, Rivière Opinaca"
L996294,CA,CA-QC,CA-QC-BO,48.0266435,-65.4706621,"Rte du Cap de Sable, Bonaventure"
L2467051,CA,CA-QC,CA-QC-PB,48.4206,-64.3189001,"Rte du Phare, Percé (Cap-d'Espoir)"
L1912153,CA,CA-QC,CA-QC-RS,45.395287,-73.749081,"Rue Higgins, Châteauguay"
L2389286,CA,CA-QC,CA-QC-IO,46.8508513,-71.1413938,"Rue Horatio Walker, Ste-Pétronille"
L767126,CA,CA-QC,CA-QC-BH,45.3278925,-73.8405275,"Rue MacDonald, Maple Grove"
L1139879,CA,CA-QC,CA-QC-LV,45.5856925,-73.8250351,"Rue des Charmes, Laval"
L901973,CA,CA-QC,CA-QC-HR,45.3118389,-73.2406569,Ruisseau Hazen
L1138695,CA,CA-QC,CA-QC-RS,45.4085741,-73.5719204,Récré-O-Parc
L160669,CA,CA-QC,CA-QC-VR,45.5524924,-73.155374,Réserve naturelle Gault
L1748075,CA,CA-QC,CA-QC-PP,45.816215,-74.7680457,Réserve naturelle Kenauk--Lac Papineau
L3145508,CA,CA-QC,CA-QC-CO,45.4938939,-75.9507179,Réserve naturelle de Breckenridge
L1828591,CA,CA-QC,CA-QC-MK,45.6297691,-72.9223134,Réserve naturelle du Boisé-des-Douze
L2200804,CA,CA-QC,CA-QC-OU,45.545673,-75.3852224,Réserve naturelle du Marais-Trépanier
L384666,CA,CA-QC,CA-QC-FR,46.2875288,-72.6283836,Réserve écologique Marcel-Léger
L1172409,CA,CA-QC,CA-QC-HR,45.12,-73.25,Réserve écologique Marcel-Raymond
L352291,CA,CA-QC,CA-QC-IM,47.7928614,-61.4651585,Réserve écologique de l'Île-Brion
L2200245,CA,CA-QC,CA-QC-PP,45.7076178,-75.3033829,Réserve écologique de la Forêt-la-Blanche
L1912332,CA,CA-QC,CA-QC-HL,45.095833,-73.869444,Réserve écologique du Pin-Rigide (aucun accès piétonnier)
L387422,CA,CA-QC,CA-QC-AT,46.0718015,-71.9707489,Réservoir Beaudet
L2754073,CA,CA-QC,CA-QC-HY,45.4021203,-72.6836371,Réservoir Lemieux
L1558484,CA,CA-QC,CA-QC-VS,45.3829219,-74.1684418,"Sablière, St-Lazare"
L1187943,CA,CA-QC,CA-QC-RD,45.8817334,-74.0789223,Sanctuaire Alfred Kelly
L1044766,CA,CA-QC,CA-QC-DU,45.9728317,-72.5471234,Sanctuaire St-Joachim
L1659701,CA,CA-QC,CA-QC-SH,45.455863,-71.8981565,Sanctuaire de Beauvoir
L956436,CA,CA-QC,CA-QC-CG,48.8267574,-64.4046021,Sandy Beach
L2990511,CA,CA-QC,CA-QC-IM,47.239902,-61.8088943,Sandy Hook
L2441720,CA,CA-QC,CA-QC-TB,45.6662953,-73.812418,Sentier Fontainebleau
L756813,CA,CA-QC,CA-QC-IM,47.4186523,-61.8844432,Sentier Le Barachois de Fatima
L2851242,CA,CA-QC,CA-QC-MG,45.162126,-72.036809,Sentier Nature Tomifobia--Secteur Ayer's Cliff
L2851241,CA,CA-QC,CA-QC-CT,45.119468,-72.069989,Sentier Nature Tomifobia--Secteur Boynton
L2851240,CA,CA-QC,CA-QC-CT,45.094325,-72.091,Sentier Nature Tomifobia--Secteur Curtis
L2851238,CA,CA-QC,CA-QC-MG,45.072657,-72.112413,Sentier Nature Tomifobia--Secteur Laflamme
L2851222,CA,CA-QC,CA-QC-MG,45.017346,-72.149352,Sentier Nature Tomifobia--Secteur Stanstead
L2851227,CA,CA-QC,CA-QC-MG,45.049655,-72.138299,Sentier Nature Tomifobia--Secteur Tomifobia
L2987677,CA,CA-QC,CA-QC-MW,46.332279,-74.1084204,Sentier Rapide des neiges
L3065726,CA,CA-QC,CA-QC-TM,47.5590766,-79.438574,Sentier de l'Eau-de-là
L3080998,CA,CA-QC,CA-QC-HR,45.0655679,-73.1663704,"Sentier de la Nature, Venise-en-Québec"
L728121,CA,CA-QC,CA-QC-BM,45.1241105,-72.996254,Sentier de la nature Keith Sornberger
L2874355,CA,CA-QC,CA-QC-MN,49.2112895,-68.2725191,Sentier de la rivière Amédée
L2773809,CA,CA-QC,CA-QC-FS,48.4520346,-70.9195762,Sentier des Battures
L3354343,CA,CA-QC,CA-QC-QU,46.9130533,-71.3673538,"Sentier des Rivières, Lac St-Charles"
L2891534,CA,CA-QC,CA-QC-MW,46.315393,-74.212851,Sentier des Étangs
L2961655,CA,CA-QC,CA-QC-ET,46.4795606,-70.440495,Sentier du Morne à Giroux
L2668053,CA,CA-QC,CA-QC-LV,45.6576723,-73.6340082,Sentier du Totem
L1299737,CA,CA-QC,CA-QC-RM,48.4431235,-68.5590649,Sentier du littoral
L2522712,CA,CA-QC,CA-QC-TT,47.439092,-68.9837165,Sentier pédestre le Bootlegger
L1613278,CA,CA-QC,CA-QC-VS,45.5575241,-74.3833231,Sentier ruisseau à Charette et baie Brazeau
L2865294,CA,CA-QC,CA-QC-DR,49.099271,-66.6663694,"Sentier, L'Estuaire de la rivière Cap-Chat"
L3463787,CA,CA-QC,CA-QC-MN,49.2097476,-68.1943059,"Sentier, Lac Provencher"
L3067599,CA,CA-QC,CA-QC-DR,49.2223062,-65.7737732,"Sentier, Mt-St-Pierre à Mt-Louis"
L3125273,CA,CA-QC,CA-QC-AN,45.81675,-73.459726,"Sentier, Pépinière Villeneuve"
L2922121,CA,CA-QC,CA-QC-MN,49.4598681,-67.8694153,"Sentier, Rivière Franquelin"
L2778385,CA,CA-QC,CA-QC-DA,46.294377,-73.3703041,Sentiers Brandon
L3445058,CA,CA-QC,CA-QC-VS,45.4758713,-74.2980266,Sentiers de L'escapade (zone générale)
L3109177,CA,CA-QC,CA-QC-VS,45.4759147,-74.2975384,Sentiers de L'escapade--La Clé des Bois
L2735175,CA,CA-QC,CA-QC-MW,46.1917952,-73.51524,Sentiers de la Montagne Coupée
L2785063,CA,CA-QC,CA-QC-DA,46.0739393,-73.2340264,Sentiers de la Plantation Ste-Philomène
L2866359,CA,CA-QC,CA-QC-AN,45.7573706,-73.5123217,Sentiers de la Presqu'île
L3010717,CA,CA-QC,CA-QC-AV,48.0199955,-66.6871405,Sentiers ornithologiques de Pointe-à-la-Croix
L3467054,CA,CA-QC,CA-QC-DD,48.2708601,-72.1962828,"Sentiers, Ermitage St-Antoine"
L3192770,CA,CA-QC,CA-QC-QU,46.7660095,-71.3576603,"Sentiers, Rivière Cap-Rouge"
L3453526,CA,CA-QC,CA-QC-LS,48.353112,-71.6183925,"Sentiers, Érablière du Mont Lac Vert"
L1050921,CA,CA-QC,CA-QC-VR,45.5225257,-73.2634449,"Site de compostage, St-Basile-le-Grand"
L2982509,CA,CA-QC,CA-QC-CG,48.8557928,-64.2021704,Site historique du Phare de Cap-des-Rosiers
L2201037,CA,CA-QC,CA-QC-VO,48.070011,-77.691192,Site minier East Sullivan
L2720339,CA,CA-QC,CA-QC-VO,48.0609873,-77.6653576,Site minier Manitou
L3216346,CA,CA-QC,CA-QC-PP,45.6460179,-74.945662,Site national historique du Manoir Papineau National Historic Site
L2605301,CA,CA-QC,CA-QC-VO,48.1087923,-77.7980626,Source Gabriel
L740120,CA,CA-QC,CA-QC-FS,48.4463751,-70.9020598,St-Fulgence
L1805936,CA,CA-QC,CA-QC-CV,47.4575764,-70.3619814,St-Joseph-de-la-Rive
L2830269,CA,CA-QC,CA-QC-RN,48.2548698,-78.9632893,"Station d'épuration #1, Rouyn-Noranda"
L2897082,CA,CA-QC,CA-QC-RN,48.2864989,-79.0314174,"Station d'épuration #2, Rouyn-Noranda"
L3064762,CA,CA-QC,CA-QC-HC,48.5911993,-69.1633558,Station d'épuration Kruger
L2841772,CA,CA-QC,CA-QC-AB,48.5942648,-78.0957556,"Station d'épuration, Amos"
L1020630,CA,CA-QC,CA-QC-NY,46.1446372,-72.7310371,"Station d'épuration, Baie-du-Febvre"
L1912127,CA,CA-QC,CA-QC-DA,46.09223,-73.183379,"Station d'épuration, Berthierville"
L2870423,CA,CA-QC,CA-QC-MM,47.0402991,-70.466094,"Station d'épuration, Cap St-Ignace"
L2422495,CA,CA-QC,CA-QC-VR,45.4275406,-73.2816088,"Station d'épuration, Chambly (accès restreint)"
L2795562,CA,CA-QC,CA-QC-DD,48.4201752,-71.969882,"Station d'épuration, Chambord"
L3189370,CA,CA-QC,CA-QC-PB,48.3471227,-64.7145367,"Station d'épuration, Chandler"
L2803879,CA,CA-QC,CA-QC-JAM,49.903696,-74.401989,"Station d'épuration, Chibougamau"
L3100546,CA,CA-QC,CA-QC-MC,48.8519525,-72.2367382,"Station d'épuration, Dolbeau"
L3087574,CA,CA-QC,CA-QC-DU,45.918865,-72.511521,"Station d'épuration, Drummondville"
L3146052,CA,CA-QC,CA-QC-TT,47.538567,-68.6290741,"Station d'épuration, Dégelis"
L3141280,CA,CA-QC,CA-QC-APP,46.228303,-71.0634595,"Station d'épuration, East Broughton"
L2825964,CA,CA-QC,CA-QC-OU,45.5341416,-75.419662,"Station d'épuration, Gatineau (Masson-Angers)"
L3125310,CA,CA-QC,CA-QC-AN,45.844032,-73.435728,"Station d'épuration, L'Assomption"
L3125339,CA,CA-QC,CA-QC-AN,45.854987,-73.475411,"Station d'épuration, L'Épiphanie"
L1912405,CA,CA-QC,CA-QC-BL,46.843424,-70.850192,"Station d'épuration, La Durantaye"
L3261065,CA,CA-QC,CA-QC-KA,47.3786969,-70.0423479,"Station d'épuration, La Pocatière"
L3082770,CA,CA-QC,CA-QC-SAG,48.3084676,-71.1040592,"Station d'épuration, Laterrière"
L3181649,CA,CA-QC,CA-QC-VS,45.3167883,-74.0271878,"Station d'épuration, Les Cèdres"
L1912378,CA,CA-QC,CA-QC-IM,47.427169,-61.76306,"Station d'épuration, Les Îles-de-la-Madeleine"
L2997668,CA,CA-QC,CA-QC-TM,47.3573263,-79.3672729,"Station d'épuration, Lorrainville"
L1912433,CA,CA-QC,CA-QC-DE,46.7665641,-71.1705762,"Station d'épuration, Lévis"
L1912126,CA,CA-QC,CA-QC-MU,45.720787,-73.577762,"Station d'épuration, Mascouche"
L1912444,CA,CA-QC,CA-QC-RS,45.329597,-73.75442,"Station d'épuration, Mercier"
L3052564,CA,CA-QC,CA-QC-MM,46.986901,-70.568237,"Station d'épuration, Montmagny"
L2345044,CA,CA-QC,CA-QC-LS,48.424516,-71.8670654,"Station d'épuration, Métabetchouan"
L3025533,CA,CA-QC,CA-QC-KA,47.4561836,-70.0031662,"Station d'épuration, Rivière-Ouelle"
L2522544,CA,CA-QC,CA-QC-RL,47.8352282,-69.5517654,"Station d'épuration, Rivière-du-Loup (accès restreint)"
L2919639,CA,CA-QC,CA-QC-DD,48.4926824,-72.2329048,"Station d'épuration, Roberval"
L3189720,CA,CA-QC,CA-QC-PP,45.7198828,-75.0490665,"Station d'épuration, St-André-Avellin"
L1912374,CA,CA-QC,CA-QC-VR,45.493436,-73.281183,"Station d'épuration, St-Basile-le-Grand (accès restreint)"
L2937660,CA,CA-QC,CA-QC-LS,48.4716496,-71.6401935,"Station d'épuration, St-Bruno"
L2997661,CA,CA-QC,CA-QC-TM,47.4604939,-79.4599593,"Station d'épuration, St-Bruno-de-Guigues"
L3202817,CA,CA-QC,CA-QC-BS,46.1278335,-70.6945807,"Station d'épuration, St-Georges"
L3096782,CA,CA-QC,CA-QC-RC,46.3372952,-70.9174119,"Station d'épuration, St-Joseph-de-Beauce"
L3071243,CA,CA-QC,CA-QC-MO,45.843764,-73.7545775,"Station d'épuration, St-Lin-Laurentides"
L3025522,CA,CA-QC,CA-QC-IS,46.9782849,-69.7854996,"Station d'épuration, St-Pamphile"
L2871619,CA,CA-QC,CA-QC-DD,48.5967961,-72.319876,"Station d'épuration, St-Prime"
L3096790,CA,CA-QC,CA-QC-RC,46.1562395,-70.9226583,"Station d'épuration, St-Victor"
L2813074,CA,CA-QC,CA-QC-RM,48.3782395,-68.4648485,"Station d'épuration, Ste-Blandine"
L2866028,CA,CA-QC,CA-QC-MI,48.6044252,-68.2258379,"Station d'épuration, Ste-Flavie"
L1912169,CA,CA-QC,CA-QC-LJ,45.580756,-73.315292,"Station d'épuration, Ste-Julie"
L781290,CA,CA-QC,CA-QC-MK,45.5832898,-73.0932426,"Station d'épuration, Ste-Madeleine"
L3102592,CA,CA-QC,CA-QC-NB,46.4750537,-71.044153,"Station d'épuration, Ste-Marie"
L2718781,CA,CA-QC,CA-QC-MU,45.7000977,-73.733531,"Station d'épuration, Terrebonne"
L1912406,CA,CA-QC,CA-QC-FR,46.423109,-72.490728,"Station d'épuration, Trois-Rivières"
L3104519,CA,CA-QC,CA-QC-AL,46.5010805,-75.3658247,"Station d'épuration, Val-Barrette"
L3130966,CA,CA-QC,CA-QC-JAM,51.4659859,-78.7786674,"Station d'épuration, Waskaganish"
L1364320,CA,CA-QC,CA-QC-VF,45.5870947,-72.0134312,"Station d'épuration, Windsor"
L404564,CA,CA-QC,CA-QC-JC,46.870644,-71.6392493,Station touristique Duchesnay
L2300565,CA,CA-QC,CA-QC-MI,48.5486948,-68.386534,Ste-Luce
L2370138,CA,CA-QC,CA-QC-HC,48.1431991,-69.7131816,Tadoussac
L431596,CA,CA-QC,CA-QC-MR,45.4779458,-73.7572879,Technoparc Montréal
L2604227,CA,CA-QC,CA-QC-FR,46.2989077,-72.5935364,Terrains inondés Parc Les Terrasses du Fleuve
L2223532,CA,CA-QC,CA-QC-HY,45.3942763,-72.7236879,Terre Miner
L3103481,CA,CA-QC,CA-QC-JO,45.9898279,-73.3477736,Tourbière St-Thomas
L2821966,CA,CA-QC,CA-QC-MU,45.7380861,-73.7143618,Trans-Terrebonne--tronçon nord
L2936302,CA,CA-QC,CA-QC-MU,45.7104647,-73.7088633,Trans-Terrebonne--tronçon ouest
L1440006,CA,CA-QC,CA-QC-MT,49.0066642,-67.7706988,Traversier Baie-Comeau<->Matane
L1987388,CA,CA-QC,CA-QC-IM,47.059832,-61.7191315,Traversier Cap-aux-Meules<->Souris
L3181410,CA,CA-QC,CA-QC-GSL,50.1541361,-59.9546242,Traversier La Romaine<->Harrington Harbour
L3188604,CA,CA-QC,CA-QC-GSL,50.1446212,-60.9987545,Traversier La Romaine<->Kegaska
L3067195,CA,CA-QC,CA-QC-MT,49.0765647,-67.576561,Traversier Matane<->Godbout
L1299800,CA,CA-QC,CA-QC-RM,48.5952299,-68.7572479,Traversier Rimouski<->Forestville
L764878,CA,CA-QC,CA-QC-KA,47.7894016,-69.7624969,Traversier Riviere-du-Loup<->St-Siméon
L3436983,CA,CA-QC,CA-QC-GSL,51.3831381,-57.1132851,Traversier St-Barbe (T-N)<->Blanc-Sablon (Qc)
L3070083,CA,CA-QC,CA-QC-HC,48.1390654,-69.72579,Traversier Tadoussac<->Baie-Ste-Catherine
L783195,CA,CA-QC,CA-QC-BA,48.2173529,-69.2797852,Traversier Trois-Pistoles<->Les Escoumins
L352955,CA,CA-QC,CA-QC-FR,46.3444391,-72.5794601,Université du Québec à Trois-Rivières
L3098048,CA,CA-QC,CA-QC-DU,45.8953971,-72.4866499,Village Québécois d'Antan
L2190627,CA,CA-QC,CA-QC-RM,48.3125059,-68.4664106,Village des Sources
L1211673,CA,CA-QC,CA-QC-VS,45.4523339,-74.1681004,Whitlock Golf & Country Club
L2337227,CA,CA-QC,CA-QC-VG,46.646184,-76.1133186,ZEC Bras-Coupé-Désert--Lac Lytton
L2337214,CA,CA-QC,CA-QC-VG,46.6526357,-76.2477294,ZEC Bras-Coupé-Désert--Lac Rond
L2337209,CA,CA-QC,CA-QC-VG,46.4413055,-76.2359706,ZEC Bras-Coupé-Désert--Lac à la Tortue
L2259663,CA,CA-QC,CA-QC-GR,45.4447168,-70.7313538,ZEC Louise-Gosford--Secteur Louise
L3162995,CA,CA-QC,CA-QC-AL,47.0918862,-74.8426437,ZEC Mazana--Lac Fortier
L2733033,CA,CA-QC,CA-QC-SAG,48.4303198,-71.0616517,Zone portuaire de Chicoutimi
L3021976,CA,CA-QC,CA-QC-DD,48.6865975,-72.5119972,Zoo sauvage de St-Félicien
L2912658,CA,CA-QC,CA-QC-HL,45.0206487,-73.9707327,"surveillance Dickcissel d'Amérique/Guiraca bleu, Montée Clinton (2014)"
L2703709,CA,CA-QC,CA-QC-CE,47.6617822,-70.0965375,surveillance Tohi tacheté Cap à l'Aigle (2014)
L2195949,CA,CA-QC,CA-QC-DA,46.1612855,-73.0488467,"surveillance Vanneau huppé Rang du Fleuve, St-Barthélémy (2013)"
